"Data","Último","Abertura","Máxima","Mínima","Var%"
"25.06.2023","10,967","10,967","10,967","10,967","0,00%"
"24.06.2023","10,967","10,967","10,967","10,967","-0,07%"
"23.06.2023","10,975","11,005","11,005","10,972","-0,72%"
"22.06.2023","11,055","11,000","11,055","11,000","0,18%"
"21.06.2023","11,035","11,130","11,130","11,035","-1,24%"
"20.06.2023","11,173","11,225","11,225","11,150","-0,17%"
"19.06.2023","11,192","11,215","11,215","11,160","-0,31%"
"18.06.2023","11,226","11,226","11,226","11,226","0,00%"
"17.06.2023","11,226","11,226","11,226","11,226","0,62%"
"16.06.2023","11,157","11,290","11,290","11,153","-0,23%"
"15.06.2023","11,183","11,155","11,230","11,155","-1,03%"
"14.06.2023","11,299","11,355","11,370","11,296","-0,68%"
"13.06.2023","11,376","11,285","11,378","11,285","1,25%"
"12.06.2023","11,236","11,250","11,255","11,234","0,62%"
"11.06.2023","11,167","11,167","11,167","11,167","0,00%"
"10.06.2023","11,167","11,167","11,167","11,167","-0,32%"
"09.06.2023","11,203","11,195","11,203","11,180","-0,21%"
"08.06.2023","11,227","11,227","11,227","11,227","-0,28%"
"07.06.2023","11,258","11,130","11,258","11,130","0,92%"
"06.06.2023","11,155","11,150","11,165","11,145","-0,26%"
"05.06.2023","11,184","11,440","11,440","11,184","-1,69%"
"04.06.2023","11,377","11,377","11,377","11,377","0,00%"
"03.06.2023","11,377","11,377","11,377","11,377","0,01%"
"02.06.2023","11,375","11,435","11,435","11,375","-1,34%"
"01.06.2023","11,530","11,585","11,585","11,530","-0,20%"
"31.05.2023","11,553","11,550","11,553","11,540","0,06%"
"30.05.2023","11,546","11,565","11,565","11,540","-0,46%"
"29.05.2023","11,599","11,595","11,599","11,595","-0,15%"
"28.05.2023","11,616","11,616","11,616","11,616","0,00%"
"27.05.2023","11,616","11,616","11,616","11,616","0,37%"
"26.05.2023","11,573","11,645","11,645","11,573","-0,47%"
"25.05.2023","11,628","11,595","11,635","11,595","-0,46%"
"24.05.2023","11,682","11,605","11,682","11,605","-0,40%"
"23.05.2023","11,729","11,885","11,885","11,725","-1,05%"
"22.05.2023","11,854","11,905","11,910","11,852","-0,43%"
"21.05.2023","11,906","11,906","11,906","11,906","0,00%"
"20.05.2023","11,906","11,906","11,906","11,906","0,02%"
"19.05.2023","11,903","11,925","11,925","11,899","0,58%"
"18.05.2023","11,834","11,865","11,865","11,833","-0,06%"
"17.05.2023","11,841","11,795","11,865","11,795","0,86%"
"16.05.2023","11,740","11,790","11,790","11,735","0,77%"
"15.05.2023","11,650","11,920","11,925","11,645","-1,57%"
"14.05.2023","11,836","11,836","11,836","11,836","0,00%"
"13.05.2023","11,836","11,836","11,836","11,836","0,39%"
"12.05.2023","11,790","12,070","12,070","11,790","-1,32%"
"11.05.2023","11,948","12,290","12,290","11,948","-2,03%"
"10.05.2023","12,196","12,450","12,450","12,196","-1,36%"
"09.05.2023","12,364","12,350","12,380","12,275","1,03%"
"08.05.2023","12,238","12,210","12,280","12,200","0,93%"
"07.05.2023","12,125","12,125","12,125","12,125","0,00%"
"06.05.2023","12,125","12,125","12,125","12,125","0,11%"
"05.05.2023","12,112","12,120","12,240","12,112","0,29%"
"04.05.2023","12,077","12,260","12,260","12,077","-0,70%"
"03.05.2023","12,162","12,430","12,430","12,162","-1,30%"
"02.05.2023","12,322","12,450","12,470","12,322","-0,35%"
"01.05.2023","12,365","12,365","12,365","12,365","0,00%"
"30.04.2023","12,365","12,365","12,365","12,365","0,00%"
"29.04.2023","12,365","12,365","12,365","12,365","0,01%"
"28.04.2023","12,364","12,360","12,490","12,345","0,94%"
"27.04.2023","12,249","12,450","12,450","12,249","-0,72%"
"26.04.2023","12,338","12,520","12,520","12,338","-0,73%"
"25.04.2023","12,429","12,670","12,670","12,424","-0,93%"
"24.04.2023","12,546","12,690","12,700","12,545","-0,46%"
"23.04.2023","12,604","12,604","12,604","12,604","0,00%"
"22.04.2023","12,604","12,604","12,604","12,604","0,00%"
"21.04.2023","12,604","12,604","12,604","12,604","0,06%"
"20.04.2023","12,596","12,770","12,770","12,596","-0,76%"
"19.04.2023","12,693","12,540","12,710","12,384","2,39%"
"18.04.2023","12,397","12,400","12,490","12,300","0,67%"
"17.04.2023","12,314","12,450","12,450","12,314","-0,41%"
"16.04.2023","12,365","12,365","12,365","12,365","0,00%"
"15.04.2023","12,365","12,322","12,365","12,322","-0,04%"
"14.04.2023","12,370","12,360","12,460","12,360","0,50%"
"13.04.2023","12,309","12,550","12,580","12,305","-1,29%"
"12.04.2023","12,470","12,590","12,590","12,470","-0,08%"
"11.04.2023","12,480","12,750","12,750","12,480","-1,65%"
"10.04.2023","12,690","12,740","12,800","12,690","0,28%"
"09.04.2023","12,654","12,654","12,654","12,654","0,00%"
"08.04.2023","12,654","12,654","12,654","12,654","0,00%"
"07.04.2023","12,654","12,740","12,740","12,654","-0,02%"
"06.04.2023","12,656","12,580","12,750","12,580","0,64%"
"05.04.2023","12,576","12,700","12,750","12,567","-0,53%"
"04.04.2023","12,643","12,780","12,780","12,631","-0,64%"
"03.04.2023","12,725","12,900","12,940","12,725","-1,36%"
"02.04.2023","12,900","12,900","12,900","12,900","0,00%"
"01.04.2023","12,900","12,900","12,900","12,900","0,61%"
"31.03.2023","12,822","12,930","12,930","12,810","-0,11%"
"30.03.2023","12,836","13,100","13,100","12,836","-1,19%"
"29.03.2023","12,991","13,040","13,040","12,900","0,29%"
"28.03.2023","12,954","13,130","13,130","12,954","0,38%"
"27.03.2023","12,905","12,980","12,980","12,905","-0,96%"
"24.03.2023","13,030","12,950","13,030","12,950","-0,61%"
"23.03.2023","13,110","13,110","13,110","13,110","1,39%"
"22.03.2023","12,930","13,115","13,115","12,930","-1,37%"
"21.03.2023","13,110","13,140","13,140","13,110","0,46%"
"20.03.2023","13,050","13,130","13,130","13,050","-0,68%"
"17.03.2023","13,140","13,250","13,250","13,140","0,08%"
"16.03.2023","13,130","13,070","13,130","13,070","-0,83%"
"15.03.2023","13,240","13,240","13,240","13,240","1,26%"
"14.03.2023","13,075","13,005","13,075","13,005","1,08%"
"13.03.2023","12,935","12,920","12,935","12,920","-1,86%"
"10.03.2023","13,180","13,130","13,180","13,130","-0,08%"
"09.03.2023","13,190","13,380","13,380","13,190","-1,49%"
"08.03.2023","13,390","13,470","13,470","13,390","-1,18%"
"07.03.2023","13,550","13,510","13,550","13,510","-0,15%"
"06.03.2023","13,570","13,590","13,590","13,570","-0,04%"
"03.03.2023","13,575","13,590","13,590","13,575","-0,33%"
"02.03.2023","13,620","13,575","13,620","13,575","1,04%"
"01.03.2023","13,480","13,380","13,480","13,380","1,28%"
"28.02.2023","13,310","13,300","13,310","13,300","-0,37%"
"27.02.2023","13,360","13,390","13,390","13,360","-0,60%"
"24.02.2023","13,440","13,420","13,440","13,310","0,98%"
"23.02.2023","13,310","13,420","13,420","13,310","0,38%"
"22.02.2023","13,260","13,260","13,260","13,260","0,08%"
"17.02.2023","13,250","13,320","13,320","13,250","-1,16%"
"16.02.2023","13,405","13,415","13,415","13,405","0,37%"
"15.02.2023","13,355","13,510","13,510","13,355","-0,85%"
"14.02.2023","13,470","13,360","13,470","13,360","0,30%"
"13.02.2023","13,430","13,430","13,430","13,430","-0,81%"
"10.02.2023","13,540","13,420","13,540","13,420","0,82%"
"09.02.2023","13,430","13,360","13,430","13,360","0,60%"
"08.02.2023","13,350","13,490","13,490","13,350","0,00%"
"07.02.2023","13,350","13,310","13,350","13,310","-0,60%"
"06.02.2023","13,430","13,490","13,490","13,430","0,52%"
"03.02.2023","13,360","13,305","13,360","13,305","2,65%"
"02.02.2023","13,015","13,177","13,177","13,015","-1,14%"
"01.02.2023","13,165","13,100","13,165","13,100","0,73%"
"31.01.2023","13,070","13,195","13,195","13,070","-0,80%"
"30.01.2023","13,175","13,105","13,175","13,105","-0,15%"
"27.01.2023","13,195","13,120","13,195","13,120","0,88%"
"26.01.2023","13,080","13,090","13,090","13,080","0,93%"
"25.01.2023","12,960","13,060","13,060","12,960","-1,67%"
"24.01.2023","13,180","13,270","13,270","13,180","-0,60%"
"23.01.2023","13,260","13,060","13,260","13,060","2,00%"
"20.01.2023","13,000","12,960","13,000","12,960","1,48%"
"19.01.2023","12,810","12,980","12,980","12,810","1,10%"
"18.01.2023","12,670","12,550","12,670","12,550","0,88%"
"17.01.2023","12,560","12,570","12,570","12,560","-0,83%"
"16.01.2023","12,665","12,550","12,665","12,550","2,34%"
"13.01.2023","12,375","12,440","12,440","12,375","0,45%"
"12.01.2023","12,320","12,370","12,370","12,320","-1,20%"
"11.01.2023","12,470","12,670","12,670","12,470","-2,08%"
"10.01.2023","12,735","12,890","12,890","12,735","-0,89%"
"09.01.2023","12,850","13,040","13,040","12,850","-0,31%"
"06.01.2023","12,890","13,030","13,030","12,890","-1,04%"
"05.01.2023","13,025","13,125","13,125","13,025","-1,88%"
"04.01.2023","13,275","13,225","13,275","13,225","0,91%"
"03.01.2023","13,155","13,155","13,155","13,155","3,10%"
"29.12.2022","12,760","12,660","12,760","12,660","-0,39%"
"28.12.2022","12,810","12,980","12,980","12,810","-1,84%"
"27.12.2022","13,050","13,020","13,050","13,020","0,85%"
"26.12.2022","12,940","12,960","12,960","12,940","-0,08%"
"23.12.2022","12,950","12,915","12,950","12,915","-0,77%"
"22.12.2022","13,050","13,180","13,180","13,050","-0,61%"
"21.12.2022","13,130","13,140","13,140","13,130","-0,45%"
"20.12.2022","13,190","13,190","13,190","13,190","-1,93%"
"19.12.2022","13,450","13,620","13,620","13,450","-0,11%"
"16.12.2022","13,465","13,445","13,465","13,445","0,41%"
"15.12.2022","13,410","13,410","13,410","13,410","-2,05%"
"14.12.2022","13,690","13,590","13,690","13,590","3,63%"
"13.12.2022","13,210","13,200","13,210","13,200","-0,30%"
"12.12.2022","13,250","13,090","13,250","13,090","1,61%"
"09.12.2022","13,040","13,040","13,040","13,040","0,62%"
"08.12.2022","12,960","12,990","12,990","12,960","1,09%"
"07.12.2022","12,820","12,930","12,930","12,820","-0,93%"
"06.12.2022","12,940","12,880","12,940","12,880","0,94%"
"05.12.2022","12,820","12,680","12,820","12,680","1,99%"
"02.12.2022","12,570","12,740","12,740","12,570","-2,03%"
"01.12.2022","12,830","12,935","12,935","12,830","0,16%"
"30.11.2022","12,810","13,025","13,025","12,810","-2,44%"
"29.11.2022","13,130","13,420","13,420","13,130","-3,24%"
"28.11.2022","13,570","13,660","13,660","13,570","-0,66%"
"25.11.2022","13,660","13,570","13,660","13,570","1,26%"
"24.11.2022","13,490","13,650","13,650","13,490","-2,81%"
"23.11.2022","13,880","13,710","13,880","13,710","2,97%"
"22.11.2022","13,480","13,400","13,480","13,400","0,75%"
"21.11.2022","13,380","13,260","13,380","13,260","1,06%"
"18.11.2022","13,240","13,110","13,240","13,110","-0,11%"
"17.11.2022","13,255","13,465","13,465","13,255","0,57%"
"16.11.2022","13,180","13,060","13,180","13,060","0,23%"
"14.11.2022","13,150","13,150","13,150","13,150","-1,28%"
"11.11.2022","13,320","11,835","13,320","11,835","2,46%"
"10.11.2022","13,000","11,835","13,000","11,835","6,43%"
"09.11.2022","12,215","11,835","12,275","11,835","0,66%"
"08.11.2022","12,135","12,175","12,215","12,135","1,13%"
"07.11.2022","12,000","11,835","12,000","11,835","1,18%"
"04.11.2022","11,860","11,860","11,860","11,835","-0,34%"
"03.11.2022","11,900","11,805","11,900","11,805","0,93%"
"01.11.2022","11,790","11,835","11,835","11,790","-0,97%"
"31.10.2022","11,905","12,115","12,115","11,835","-1,00%"
"28.10.2022","12,025","12,180","12,180","11,995","0,00%"
"27.10.2022","12,025","12,180","12,180","12,025","-1,15%"
"26.10.2022","12,165","12,110","12,165","12,110","0,33%"
"25.10.2022","12,125","12,125","12,125","12,125","-0,04%"
"24.10.2022","12,130","11,955","12,130","11,955","1,59%"
"21.10.2022","11,940","11,940","11,940","11,940","-0,13%"
"20.10.2022","11,955","11,955","11,980","11,955","0,13%"
"19.10.2022","11,940","11,940","11,940","11,940","0,76%"
"18.10.2022","11,850","11,890","11,890","11,850","-0,50%"
"17.10.2022","11,910","11,750","11,920","11,750","-0,92%"
"14.10.2022","12,020","11,750","12,020","11,750","1,09%"
"13.10.2022","11,890","12,080","12,080","11,890","0,17%"
"11.10.2022","11,870","11,840","11,935","11,840","0,76%"
"10.10.2022","11,780","11,750","11,800","11,750","0,17%"
"07.10.2022","11,760","11,750","11,760","11,730","-0,38%"
"06.10.2022","11,805","11,825","11,825","11,805","0,25%"
"05.10.2022","11,775","11,785","11,785","11,775","0,77%"
"04.10.2022","11,685","11,685","11,685","11,685","-0,64%"
"03.10.2022","11,760","12,165","12,165","11,710","-2,00%"
"30.09.2022","12,000","12,165","12,165","12,000","-1,60%"
"29.09.2022","12,195","12,305","12,305","12,165","0,29%"
"28.09.2022","12,160","12,085","12,210","12,085","1,00%"
"27.09.2022","12,040","12,110","12,110","11,900","-0,25%"
"26.09.2022","12,070","11,950","12,070","11,950","2,81%"
"23.09.2022","11,740","11,740","11,740","11,740","1,12%"
"22.09.2022","11,610","11,750","11,750","11,610","-2,03%"
"21.09.2022","11,850","11,930","11,930","11,770","-1,04%"
"20.09.2022","11,975","11,980","11,980","11,945","0,08%"
"19.09.2022","11,965","11,950","12,155","11,950","-1,03%"
"16.09.2022","12,090","11,950","12,180","11,950","-0,12%"
"15.09.2022","12,105","12,105","12,105","12,105","0,46%"
"14.09.2022","12,050","12,030","12,050","12,030","0,58%"
"13.09.2022","11,980","11,990","11,990","11,920","2,39%"
"12.09.2022","11,700","11,990","11,990","11,700","0,43%"
"09.09.2022","11,650","11,760","11,760","11,650","-1,69%"
"08.09.2022","11,850","11,880","11,880","11,825","-1,17%"
"06.09.2022","11,990","12,000","12,000","11,990","0,67%"
"05.09.2022","11,910","12,210","12,210","11,910","-0,25%"
"02.09.2022","11,940","11,900","11,940","11,900","-1,57%"
"01.09.2022","12,130","12,050","12,130","12,050","-0,49%"
"31.08.2022","12,190","12,210","12,210","12,190","-1,18%"
"30.08.2022","12,335","12,295","12,335","12,275","0,82%"
"29.08.2022","12,235","12,105","12,295","12,105","-0,37%"
"26.08.2022","12,280","12,215","12,280","12,215","0,53%"
"25.08.2022","12,215","12,155","12,305","12,155","0,58%"
"24.08.2022","12,145","12,020","12,145","12,020","0,12%"
"23.08.2022","12,130","12,280","12,280","12,065","-1,14%"
"22.08.2022","12,270","12,300","12,300","12,270","-0,16%"
"19.08.2022","12,290","12,220","12,290","12,220","1,65%"
"18.08.2022","12,090","12,080","12,090","12,020","0,67%"
"17.08.2022","12,010","11,890","12,035","11,890","1,18%"
"16.08.2022","11,870","11,890","11,890","11,870","-0,67%"
"15.08.2022","11,950","12,080","12,080","11,950","-1,48%"
"12.08.2022","12,130","12,070","12,180","12,070","-1,46%"
"11.08.2022","12,310","12,280","12,310","12,070","0,90%"
"10.08.2022","12,200","12,070","12,200","12,070","-0,65%"
"09.08.2022","12,280","12,125","12,280","12,125","0,57%"
"08.08.2022","12,210","12,825","12,825","12,210","-2,01%"
"05.08.2022","12,460","12,825","12,825","12,425","-1,15%"
"04.08.2022","12,605","12,825","12,825","12,605","-2,29%"
"03.08.2022","12,900","13,060","13,060","12,900","0,70%"
"02.08.2022","12,810","12,810","12,810","12,810","-0,66%"
"01.08.2022","12,895","12,940","12,940","12,895","-1,11%"
"29.07.2022","13,040","13,240","13,240","13,040","-1,21%"
"28.07.2022","13,200","13,280","13,280","13,200","-2,22%"
"27.07.2022","13,500","13,475","13,500","13,355","0,75%"
"26.07.2022","13,400","13,330","13,400","13,330","-0,59%"
"25.07.2022","13,480","13,585","13,585","13,480","-1,10%"
"22.07.2022","13,630","13,610","13,630","13,610","-0,66%"
"21.07.2022","13,720","13,620","13,720","13,620","0,15%"
"20.07.2022","13,700","13,680","13,700","13,655","0,51%"
"19.07.2022","13,630","13,610","13,630","13,610","0,96%"
"18.07.2022","13,500","13,305","13,500","13,305","1,05%"
"15.07.2022","13,360","13,435","13,435","13,290","0,11%"
"14.07.2022","13,345","13,435","13,435","13,345","0,64%"
"13.07.2022","13,260","13,435","13,435","13,260","-1,12%"
"12.07.2022","13,410","13,435","13,460","13,410","0,30%"
"11.07.2022","13,370","13,225","13,400","13,225","0,98%"
"08.07.2022","13,240","13,200","13,240","13,200","0,30%"
"07.07.2022","13,200","13,220","13,220","13,200","-0,23%"
"06.07.2022","13,230","13,180","13,230","13,180","0,23%"
"05.07.2022","13,200","13,170","13,200","13,170","1,19%"
"04.07.2022","13,045","13,060","13,060","13,045","-0,19%"
"01.07.2022","13,070","13,180","13,180","13,020","0,15%"
"30.06.2022","13,050","13,050","13,050","13,050","-1,73%"
"29.06.2022","13,280","12,915","13,280","12,915","0,99%"
"28.06.2022","13,150","12,915","13,150","12,915","1,86%"
"27.06.2022","12,910","12,865","12,910","12,865","0,39%"
"24.06.2022","12,860","12,840","12,860","12,840","0,70%"
"23.06.2022","12,770","12,770","12,770","12,770","0,39%"
"22.06.2022","12,720","12,760","12,760","12,720","-1,09%"
"21.06.2022","12,860","12,835","12,860","12,835","0,55%"
"20.06.2022","12,790","12,855","12,880","12,790","-0,85%"
"17.06.2022","12,900","13,000","13,000","12,855","-1,83%"
"15.06.2022","13,140","13,285","13,285","13,140","-0,90%"
"14.06.2022","13,260","12,675","13,260","12,675","2,00%"
"13.06.2022","13,000","12,675","13,035","12,675","1,09%"
"10.06.2022","12,860","12,790","12,860","12,790","0,47%"
"09.06.2022","12,800","12,675","12,835","12,675","-0,58%"
"08.06.2022","12,875","12,675","12,875","12,675","-0,23%"
"07.06.2022","12,905","12,905","12,905","12,905","1,45%"
"06.06.2022","12,720","12,675","12,720","12,675","0,55%"
"03.06.2022","12,650","12,675","12,675","12,650","-0,94%"
"02.06.2022","12,770","12,730","12,790","12,730","1,11%"
"01.06.2022","12,630","12,710","12,730","12,630","0,64%"
"31.05.2022","12,550","12,580","12,580","12,550","-0,32%"
"30.05.2022","12,590","12,410","12,710","12,360","2,27%"
"27.05.2022","12,310","12,340","12,410","12,310","-0,24%"
"26.05.2022","12,340","12,450","12,450","12,340","-1,12%"
"25.05.2022","12,480","12,520","12,520","12,480","1,13%"
"24.05.2022","12,340","12,185","12,400","12,185","1,56%"
"23.05.2022","12,150","12,240","12,240","12,150","-0,57%"
"20.05.2022","12,220","12,280","12,280","12,220","-1,05%"
"19.05.2022","12,350","12,420","12,420","12,335","-1,28%"
"18.05.2022","12,510","12,540","12,540","12,510","0,00%"
"17.05.2022","12,510","12,530","12,530","12,475","-0,16%"
"16.05.2022","12,530","12,460","12,530","12,460","-1,80%"
"13.05.2022","12,760","12,635","12,760","12,635","0,31%"
"12.05.2022","12,720","12,720","12,720","12,720","0,24%"
"11.05.2022","12,690","12,670","12,690","12,670","0,63%"
"10.05.2022","12,610","12,625","12,625","12,610","-0,24%"
"09.05.2022","12,640","12,640","12,640","12,640","-0,32%"
"06.05.2022","12,680","12,545","12,735","12,545","0,79%"
"05.05.2022","12,580","12,545","12,580","12,545","2,11%"
"04.05.2022","12,320","12,380","12,380","12,320","-0,40%"
"03.05.2022","12,370","12,370","12,370","12,370","-0,64%"
"02.05.2022","12,450","12,375","12,450","12,375","1,63%"
"29.04.2022","12,250","12,265","12,265","12,250","-0,97%"
"28.04.2022","12,370","12,335","12,370","12,290","0,65%"
"27.04.2022","12,290","12,250","12,335","12,250","-0,32%"
"26.04.2022","12,330","12,250","12,385","12,250","0,08%"
"25.04.2022","12,320","12,400","12,400","12,250","0,16%"
"22.04.2022","12,300","12,220","12,400","12,220","0,99%"
"20.04.2022","12,180","12,200","12,200","12,180","-0,33%"
"19.04.2022","12,220","12,160","12,220","12,160","0,25%"
"18.04.2022","12,190","12,320","12,320","12,160","0,41%"
"14.04.2022","12,140","12,060","12,140","12,060","0,50%"
"13.04.2022","12,080","12,130","12,130","12,080","0,25%"
"12.04.2022","12,050","11,860","12,050","11,860","0,88%"
"11.04.2022","11,945","11,855","12,060","11,855","0,76%"
"08.04.2022","11,855","11,665","11,855","11,665","5,85%"
"07.04.2022","11,200","11,555","11,665","11,200","0,72%"
"06.04.2022","11,120","11,405","11,555","11,120","1,37%"
"05.04.2022","10,970","11,320","11,405","10,970","-2,18%"
"04.04.2022","11,215","11,370","11,370","11,215","1,77%"
"01.04.2022","11,020","11,635","11,635","11,020","-2,04%"
"31.03.2022","11,250","11,740","11,740","11,250","-0,88%"
"30.03.2022","11,350","11,635","11,740","11,350","1,43%"
"29.03.2022","11,190","11,695","11,695","11,190","-0,71%"
"28.03.2022","11,270","11,785","11,785","11,270","-1,14%"
"25.03.2022","11,400","11,905","11,905","11,400","-1,30%"
"24.03.2022","11,550","11,905","11,905","11,550","-1,79%"
"23.03.2022","11,760","12,155","12,185","11,760","-1,18%"
"22.03.2022","11,900","12,215","12,215","11,900","0,00%"
"21.03.2022","11,900","12,135","12,215","11,900","-1,94%"
"18.03.2022","12,135","12,345","12,345","12,135","0,54%"
"17.03.2022","12,070","12,345","12,345","12,070","-1,07%"
"16.03.2022","12,200","12,425","12,435","12,200","-0,49%"
"15.03.2022","12,260","12,425","12,425","12,260","-1,05%"
"14.03.2022","12,390","12,290","12,595","12,290","2,48%"
"11.03.2022","12,090","12,250","12,250","11,535","0,33%"
"10.03.2022","12,050","12,165","12,250","12,050","1,01%"
"09.03.2022","11,930","12,155","12,165","11,930","-0,67%"
"08.03.2022","12,010","12,155","12,155","12,010","1,26%"
"07.03.2022","11,860","11,695","12,155","11,695","3,85%"
"04.03.2022","11,420","11,695","11,695","11,420","0,00%"
"03.03.2022","11,420","11,625","11,695","11,420","0,79%"
"02.03.2022","11,330","11,330","11,330","11,330","0,09%"
"25.02.2022","11,320","11,535","11,565","11,320","0,09%"
"24.02.2022","11,310","11,485","11,535","11,310","1,25%"
"23.02.2022","11,170","11,485","11,485","11,170","-0,36%"
"22.02.2022","11,210","11,445","11,485","11,210","-0,09%"
"21.02.2022","11,220","11,445","11,445","11,220","-0,36%"
"18.02.2022","11,260","11,555","11,555","11,260","0,00%"
"17.02.2022","11,260","11,445","11,555","11,260","0,63%"
"16.02.2022","11,190","11,515","11,515","11,190","-0,80%"
"15.02.2022","11,280","11,615","11,615","11,280","-2,88%"
"14.02.2022","11,615","11,615","11,615","11,615","3,15%"
"11.02.2022","11,260","11,595","11,595","11,260","-2,64%"
"10.02.2022","11,565","11,565","11,565","11,565","0,61%"
"09.02.2022","11,495","11,445","11,495","11,445","1,73%"
"08.02.2022","11,300","11,445","11,445","11,300","1,16%"
"07.02.2022","11,170","11,445","11,445","11,170","-0,27%"
"04.02.2022","11,200","11,195","11,515","11,195","0,04%"
"03.02.2022","11,195","11,195","11,195","11,195","0,36%"
"02.02.2022","11,155","11,290","11,290","11,155","-1,20%"
"01.02.2022","11,290","11,290","11,290","11,290","1,90%"
"31.01.2022","11,080","11,465","11,465","11,080","-0,27%"
"28.01.2022","11,110","11,495","11,495","11,110","-3,35%"
"27.01.2022","11,495","11,495","11,495","11,495","1,46%"
"26.01.2022","11,330","11,330","11,330","11,330","-0,92%"
"25.01.2022","11,435","11,435","11,435","11,435","-0,87%"
"24.01.2022","11,535","11,535","11,535","11,535","0,00%"
"21.01.2022","11,535","11,535","11,535","11,535","2,17%"
"20.01.2022","11,290","11,290","11,290","11,290","-0,92%"
"19.01.2022","11,395","11,595","11,595","11,395","-1,72%"
"18.01.2022","11,595","11,545","11,595","11,545","0,43%"
"17.01.2022","11,545","11,545","11,545","11,545","2,49%"
"14.01.2022","11,265","11,310","11,310","11,265","-0,40%"
"13.01.2022","11,310","11,310","11,310","11,310","-0,04%"
"12.01.2022","11,315","11,315","11,315","11,315","-1,91%"
"11.01.2022","11,535","11,535","11,535","11,535","0,44%"
"10.01.2022","11,485","11,485","11,485","11,485","0,88%"
"07.01.2022","11,385","11,385","11,385","11,385","0,44%"
"06.01.2022","11,335","11,395","11,395","11,335","0,31%"
"05.01.2022","11,300","11,360","11,360","11,300","0,00%"
"04.01.2022","11,300","10,665","11,300","10,665","2,31%"
"03.01.2022","11,045","10,835","11,045","10,835","7,13%"
"30.12.2021","10,310","10,850","10,850","10,310","-1,25%"
"29.12.2021","10,440","10,730","10,850","10,440","1,26%"
"28.12.2021","10,310","10,750","10,750","10,310","-0,39%"
"27.12.2021","10,350","10,740","10,750","10,350","-2,63%"
"23.12.2021","10,630","10,630","10,630","10,630","3,81%"
"22.12.2021","10,240","10,570","10,570","10,150","-3,12%"
"21.12.2021","10,570","10,660","10,660","10,570","-0,89%"
"20.12.2021","10,665","10,810","10,950","10,665","-1,34%"
"17.12.2021","10,810","10,665","10,810","10,665","1,36%"
"16.12.2021","10,665","10,630","10,665","10,520","0,89%"
"15.12.2021","10,570","10,570","10,570","10,570","0,15%"
"14.12.2021","10,555","10,555","10,555","10,555","-0,28%"
"13.12.2021","10,585","10,585","10,585","10,585","0,62%"
"10.12.2021","10,520","10,520","10,520","10,520","-1,87%"
"09.12.2021","10,720","10,845","10,845","10,720","-1,15%"
"08.12.2021","10,845","10,845","10,845","10,845","-1,36%"
"07.12.2021","10,995","10,995","10,995","10,995","-0,63%"
"06.12.2021","11,065","11,065","11,065","11,065","0,00%"
"03.12.2021","11,065","11,455","11,455","11,065","-2,43%"
"02.12.2021","11,340","11,455","11,455","11,340","-1,00%"
"01.12.2021","11,455","11,455","11,455","11,455","0,39%"
"30.11.2021","11,410","11,410","11,410","11,410","-1,60%"
"29.11.2021","11,595","11,705","11,705","11,595","-0,94%"
"26.11.2021","11,705","11,645","11,705","11,645","-0,56%"
"25.11.2021","11,771","11,771","11,771","11,771","1,09%"
"24.11.2021","11,644","11,644","11,644","11,644","-0,09%"
"23.11.2021","11,655","11,655","11,655","11,655","-1,69%"
"22.11.2021","11,855","11,855","11,855","11,855","1,02%"
"19.11.2021","11,735","11,735","11,735","11,735","-0,51%"
"18.11.2021","11,795","11,795","11,795","11,795","0,08%"
"17.11.2021","11,785","11,675","11,785","11,675","0,94%"
"16.11.2021","11,675","11,580","11,675","11,580","0,82%"
"12.11.2021","11,580","11,580","11,580","11,580","0,52%"
"11.11.2021","11,520","11,515","11,520","11,515","0,04%"
"10.11.2021","11,515","11,555","11,555","11,515","-0,35%"
"09.11.2021","11,555","11,790","11,790","11,555","-1,99%"
"08.11.2021","11,790","11,890","11,890","11,790","-0,43%"
"06.11.2021","11,841","11,841","11,841","11,841","-0,41%"
"05.11.2021","11,890","12,010","12,010","11,890","-1,00%"
"04.11.2021","12,010","12,010","12,010","12,010","1,14%"
"03.11.2021","11,875","12,315","12,315","11,875","-3,02%"
"01.11.2021","12,245","12,245","12,245","12,245","0,00%"
"29.10.2021","12,245","12,280","12,280","12,245","2,60%"
"28.10.2021","11,935","11,935","11,935","11,935","0,00%"
"27.10.2021","11,935","11,990","11,990","11,935","-0,46%"
"26.10.2021","11,990","11,990","11,990","11,990","0,21%"
"25.10.2021","11,965","12,135","12,135","11,965","-1,40%"
"22.10.2021","12,135","12,135","12,135","12,135","0,00%"
"21.10.2021","12,135","12,135","12,135","12,135","4,16%"
"20.10.2021","11,650","11,565","11,650","11,565","0,73%"
"19.10.2021","11,565","11,145","11,565","11,145","3,77%"
"18.10.2021","11,145","11,055","11,145","11,055","0,81%"
"15.10.2021","11,055","10,955","11,055","10,955","0,91%"
"14.10.2021","10,955","10,955","10,955","10,955","0,32%"
"13.10.2021","10,920","10,905","10,920","10,905","0,14%"
"11.10.2021","10,905","10,910","10,910","10,905","-1,76%"
"08.10.2021","11,100","11,100","11,100","11,100","0,00%"
"07.10.2021","11,100","11,020","11,100","11,020","0,73%"
"06.10.2021","11,020","11,130","11,130","11,020","-0,99%"
"05.10.2021","11,130","11,015","11,130","11,010","1,09%"
"04.10.2021","11,010","11,015","11,015","11,010","-0,05%"
"01.10.2021","11,015","11,165","11,165","11,015","-1,34%"
"30.09.2021","11,165","11,165","11,165","11,165","0,72%"
"29.09.2021","11,085","11,085","11,085","11,085","-0,49%"
"28.09.2021","11,140","11,140","11,140","11,140","0,63%"
"27.09.2021","11,070","10,900","11,070","10,900","0,73%"
"24.09.2021","10,990","10,900","10,990","10,900","0,83%"
"23.09.2021","10,900","10,900","10,900","10,705","1,82%"
"22.09.2021","10,705","10,815","10,815","10,705","-1,02%"
"21.09.2021","10,815","11,135","11,135","10,815","-2,35%"
"20.09.2021","11,075","11,135","11,135","11,075","-0,54%"
"17.09.2021","11,135","11,110","11,135","11,110","0,23%"
"16.09.2021","11,110","11,100","11,110","11,100","0,09%"
"15.09.2021","11,100","10,990","11,100","10,990","1,00%"
"14.09.2021","10,990","10,965","10,990","10,965","0,23%"
"13.09.2021","10,965","10,965","10,965","10,965","-1,31%"
"10.09.2021","11,110","11,175","11,175","11,110","-0,58%"
"09.09.2021","11,175","11,175","11,175","11,175","0,49%"
"08.09.2021","11,120","11,120","11,120","11,120","2,21%"
"06.09.2021","10,880","10,755","10,880","10,755","1,16%"
"03.09.2021","10,755","10,755","10,880","10,755","0,00%"
"02.09.2021","10,755","10,540","10,755","10,540","2,04%"
"01.09.2021","10,540","10,540","10,540","10,540","-0,09%"
"31.08.2021","10,550","10,265","10,550","10,265","2,78%"
"30.08.2021","10,265","10,265","10,265","10,265","0,10%"
"27.08.2021","10,255","10,255","10,255","10,255","-0,87%"
"26.08.2021","10,345","10,620","10,620","10,345","-0,05%"
"25.08.2021","10,350","10,620","10,620","10,350","-2,54%"
"24.08.2021","10,620","10,820","10,820","10,620","-1,85%"
"23.08.2021","10,820","10,820","10,820","10,820","1,84%"
"20.08.2021","10,625","10,625","10,625","10,625","-0,61%"
"19.08.2021","10,690","10,690","10,690","10,690","0,00%"
"18.08.2021","10,690","10,690","10,690","10,690","4,19%"
"17.08.2021","10,260","10,600","10,690","10,260","1,38%"
"16.08.2021","10,120","10,425","10,425","10,120","0,30%"
"13.08.2021","10,090","9,920","10,090","9,920","2,96%"
"12.08.2021","9,800","10,095","10,225","9,800","1,66%"
"11.08.2021","9,640","10,045","10,090","9,640","-0,41%"
"10.08.2021","9,680","10,090","10,090","9,680","0,94%"
"09.08.2021","9,590","9,990","10,090","9,590","0,00%"
"06.08.2021","9,590","9,900","9,930","9,590","0,74%"
"05.08.2021","9,520","9,600","9,900","9,520","3,59%"
"04.08.2021","9,190","9,650","9,650","9,190","-1,08%"
"03.08.2021","9,290","9,830","9,830","9,290","-2,82%"
"02.08.2021","9,560","9,600","9,600","9,500","4,82%"
"30.07.2021","9,120","9,335","9,600","9,120","-2,30%"
"29.07.2021","9,335","9,330","9,335","9,330","0,05%"
"28.07.2021","9,330","9,335","9,335","9,330","-0,05%"
"27.07.2021","9,335","9,335","9,335","9,335","0,76%"
"26.07.2021","9,265","9,305","9,305","9,265","0,65%"
"22.07.2021","9,205","9,205","9,205","9,205","-0,49%"
"21.07.2021","9,250","9,235","9,250","9,205","0,49%"
"20.07.2021","9,205","9,205","9,205","9,205","-0,32%"
"19.07.2021","9,235","9,235","9,235","9,235","4,59%"
"16.07.2021","8,830","9,215","9,215","8,830","-1,45%"
"15.07.2021","8,960","9,270","9,270","8,960","-3,08%"
"14.07.2021","9,245","9,470","9,470","9,245","1,59%"
"13.07.2021","9,100","9,365","9,470","9,100","2,13%"
"12.07.2021","8,910","9,365","9,365","8,910","-4,40%"
"08.07.2021","9,320","9,310","9,320","9,310","0,11%"
"07.07.2021","9,310","9,310","9,310","9,310","-0,75%"
"06.07.2021","9,380","9,275","9,380","9,110","1,13%"
"05.07.2021","9,275","9,210","9,275","9,210","0,71%"
"01.07.2021","9,210","9,115","9,210","9,110","1,04%"
"30.06.2021","9,115","9,110","9,115","9,110","0,83%"
"29.06.2021","9,040","9,195","9,195","9,040","-0,77%"
"28.06.2021","9,110","9,170","9,170","9,110","-0,92%"
"25.06.2021","9,195","9,170","9,195","9,170","0,27%"
"24.06.2021","9,170","9,275","9,275","9,170","-1,13%"
"23.06.2021","9,275","9,325","9,325","9,275","-0,54%"
"22.06.2021","9,325","9,325","9,325","9,325","0,00%"
"21.06.2021","9,325","9,505","9,505","9,325","3,04%"
"18.06.2021","9,050","9,235","9,235","9,050","3,08%"
"17.06.2021","8,780","9,155","9,235","8,780","-2,88%"
"16.06.2021","9,040","9,235","9,235","9,040","-1,63%"
"15.06.2021","9,190","9,235","9,235","9,190","-0,49%"
"14.06.2021","9,235","9,195","9,260","9,040","0,44%"
"11.06.2021","9,195","9,195","9,195","9,195","1,71%"
"10.06.2021","9,040","9,040","9,040","9,040","0,00%"
"09.06.2021","9,040","9,005","9,040","9,005","0,39%"
"08.06.2021","9,005","9,010","9,010","9,005","-0,06%"
"07.06.2021","9,010","8,930","9,010","8,930","0,90%"
"04.06.2021","8,930","9,025","9,025","8,930","-2,72%"
"02.06.2021","9,180","9,100","9,180","9,100","5,40%"
"01.06.2021","8,710","9,140","9,140","8,710","-0,68%"
"31.05.2021","8,770","9,110","9,170","8,770","-1,13%"
"28.05.2021","8,870","9,195","9,195","8,870","-3,53%"
"27.05.2021","9,195","9,345","9,345","9,195","-2,23%"
"26.05.2021","9,405","9,405","9,405","9,405","0,05%"
"25.05.2021","9,400","9,400","9,400","9,400","-1,00%"
"24.05.2021","9,495","9,455","9,495","9,455","0,42%"
"21.05.2021","9,455","9,480","9,480","9,455","-0,26%"
"20.05.2021","9,480","9,475","9,480","9,475","-0,73%"
"19.05.2021","9,550","9,475","9,550","9,475","0,79%"
"18.05.2021","9,475","9,380","9,475","9,380","1,01%"
"17.05.2021","9,380","9,435","9,435","9,380","-0,58%"
"14.05.2021","9,435","9,425","9,435","9,425","0,11%"
"13.05.2021","9,425","9,450","9,450","9,425","-0,26%"
"12.05.2021","9,450","9,255","9,450","9,255","2,11%"
"11.05.2021","9,255","9,295","9,295","9,255","-0,43%"
"10.05.2021","9,295","9,225","9,295","9,225","0,76%"
"07.05.2021","9,225","9,330","9,330","9,225","-1,13%"
"06.05.2021","9,330","9,260","9,330","9,260","0,76%"
"05.05.2021","9,260","9,345","9,345","9,260","-0,91%"
"04.05.2021","9,345","9,220","9,345","9,220","1,36%"
"03.05.2021","9,220","9,125","9,220","9,075","1,04%"
"30.04.2021","9,125","9,125","9,125","9,125","0,55%"
"29.04.2021","9,075","9,075","9,075","9,075","0,00%"
"28.04.2021","9,075","9,100","9,100","9,075","-0,27%"
"27.04.2021","9,100","9,145","9,145","9,100","-0,49%"
"26.04.2021","9,145","9,145","9,145","9,145","0,88%"
"23.04.2021","9,065","9,330","9,330","9,065","-2,84%"
"22.04.2021","9,330","9,330","9,330","9,330","0,00%"
"20.04.2021","9,330","9,300","9,390","9,300","1,80%"
"19.04.2021","9,165","9,300","9,300","9,165","0,49%"
"16.04.2021","9,120","9,540","9,540","9,120","0,22%"
"15.04.2021","9,100","9,590","9,590","9,100","-5,11%"
"14.04.2021","9,590","9,640","9,640","9,290","4,47%"
"13.04.2021","9,180","9,520","9,640","9,180","0,22%"
"12.04.2021","9,160","9,405","9,405","9,160","0,11%"
"09.04.2021","9,150","9,405","9,405","9,150","-0,22%"
"08.04.2021","9,170","9,405","9,405","9,170","-4,63%"
"07.04.2021","9,615","9,405","9,615","9,405","2,23%"
"06.04.2021","9,405","9,325","9,450","9,325","0,86%"
"05.04.2021","9,325","9,340","9,370","9,325","-0,16%"
"01.04.2021","9,340","9,320","9,400","9,320","5,06%"
"31.03.2021","8,890","9,255","9,255","8,890","0,11%"
"30.03.2021","8,880","9,360","9,360","8,880","-5,13%"
"29.03.2021","9,360","9,230","9,360","8,940","1,41%"
"26.03.2021","9,230","9,250","9,250","9,045","2,78%"
"25.03.2021","8,980","9,265","9,265","8,980","-3,08%"
"24.03.2021","9,265","9,045","9,265","9,045","7,98%"
"23.03.2021","8,580","8,850","8,850","8,580","-3,05%"
"22.03.2021","8,850","8,675","8,850","8,675","1,84%"
"19.03.2021","8,690","8,385","8,690","8,385","2,84%"
"18.03.2021","8,450","8,645","8,645","8,390","-1,97%"
"17.03.2021","8,620","8,645","8,660","8,620","0,47%"
"16.03.2021","8,580","8,645","8,645","8,500","-0,81%"
"15.03.2021","8,650","8,705","8,705","8,650","3,72%"
"12.03.2021","8,340","8,550","8,655","8,160","2,21%"
"11.03.2021","8,160","8,630","8,655","8,160","-1,57%"
"10.03.2021","8,290","8,280","8,655","8,280","0,12%"
"09.03.2021","8,280","8,280","8,280","8,280","2,86%"
"08.03.2021","8,050","8,050","8,050","8,050","-2,07%"
"05.03.2021","8,220","8,220","8,220","8,220","-3,69%"
"04.03.2021","8,535","8,535","8,535","8,535","-1,33%"
"03.03.2021","8,650","8,785","8,785","8,650","4,22%"
"01.03.2021","8,300","8,300","8,300","8,300","1,34%"
"26.02.2021","8,190","8,190","8,190","8,190","0,61%"
"25.02.2021","8,140","8,140","8,140","8,140","0,25%"
"24.02.2021","8,120","8,205","8,205","8,120","1,12%"
"23.02.2021","8,030","8,225","8,225","8,030","0,00%"
"22.02.2021","8,030","8,060","8,060","8,030","3,75%"
"19.02.2021","7,740","7,930","8,060","7,740","0,00%"
"18.02.2021","7,740","7,980","7,980","7,740","0,39%"
"17.02.2021","7,710","7,880","7,980","7,710","0,00%"
"12.02.2021","7,710","7,820","7,820","7,710","1,18%"
"11.02.2021","7,620","7,775","7,775","7,620","-1,99%"
"10.02.2021","7,775","7,630","7,775","7,630","1,90%"
"09.02.2021","7,630","7,665","7,665","7,630","1,73%"
"08.02.2021","7,500","7,500","7,500","7,500","0,00%"
"05.02.2021","7,500","7,720","7,720","7,500","1,21%"
"04.02.2021","7,410","7,410","7,410","7,410","1,23%"
"03.02.2021","7,320","7,320","7,535","7,320","-3,49%"
"02.02.2021","7,585","7,585","7,585","7,585","1,54%"
"01.02.2021","7,470","7,610","7,610","7,470","-1,45%"
"29.01.2021","7,580","7,755","7,755","7,580","-0,79%"
"28.01.2021","7,640","7,775","7,775","7,640","-1,04%"
"27.01.2021","7,720","7,855","7,855","7,720","-0,52%"
"26.01.2021","7,760","8,000","8,055","7,760","-3,29%"
"25.01.2021","8,024","8,024","8,024","8,024","-0,38%"
"22.01.2021","8,055","7,815","8,055","7,815","3,07%"
"21.01.2021","7,815","7,575","7,815","7,575","3,17%"
"20.01.2021","7,575","7,515","7,575","7,515","0,80%"
"19.01.2021","7,515","7,475","7,515","7,475","0,74%"
"18.01.2021","7,460","7,460","7,460","7,460","-0,67%"
"15.01.2021","7,510","7,510","7,510","7,510","-1,83%"
"14.01.2021","7,650","7,770","7,770","7,650","-0,52%"
"13.01.2021","7,690","7,750","7,750","7,681","0,26%"
"12.01.2021","7,670","7,780","7,780","7,561","0,39%"
"11.01.2021","7,640","7,640","7,640","7,640","3,24%"
"08.01.2021","7,400","7,400","7,570","7,400","1,79%"
"07.01.2021","7,270","7,270","7,270","7,270","3,27%"
"06.01.2021","7,040","7,040","7,040","7,040","2,92%"
"05.01.2021","6,840","7,030","7,030","6,840","-0,55%"
"04.01.2021","6,878","6,860","6,878","6,860","-0,32%"
"31.12.2020","6,900","6,900","6,900","6,900","0,00%"
"30.12.2020","6,900","6,980","6,980","6,900","-0,72%"
"29.12.2020","6,950","7,150","7,150","6,950","-2,59%"
"28.12.2020","7,135","7,160","7,160","7,115","0,55%"
"24.12.2020","7,096","7,096","7,096","7,096","0,08%"
"23.12.2020","7,090","7,140","7,170","7,090","-0,91%"
"22.12.2020","7,155","7,210","7,210","7,155","-0,21%"
"21.12.2020","7,170","7,420","7,420","7,170","-0,83%"
"18.12.2020","7,230","7,390","7,390","7,190","-0,69%"
"17.12.2020","7,280","7,330","7,340","7,270","0,07%"
"16.12.2020","7,275","7,340","7,390","7,260","0,21%"
"15.12.2020","7,260","7,400","7,400","7,250","-1,22%"
"14.12.2020","7,350","7,310","7,350","7,280","0,27%"
"11.12.2020","7,330","7,420","7,420","7,270","-1,08%"
"10.12.2020","7,410","7,450","7,480","7,370","-0,40%"
"09.12.2020","7,440","7,470","7,500","7,440","0,54%"
"08.12.2020","7,400","7,530","7,530","7,400","5,04%"
"07.12.2020","7,045","7,000","7,045","7,000","-0,21%"
"04.12.2020","7,060","7,000","7,140","7,000","-1,12%"
"03.12.2020","7,140","7,325","7,330","7,140","-2,19%"
"02.12.2020","7,300","7,415","7,415","7,300","-1,62%"
"01.12.2020","7,420","7,615","7,630","7,415","-2,62%"
"30.11.2020","7,620","7,565","7,620","7,565","0,66%"
"27.11.2020","7,570","7,665","7,665","7,570","-1,30%"
"26.11.2020","7,670","7,700","7,710","7,650","-0,65%"
"25.11.2020","7,720","7,760","7,760","7,710","-0,64%"
"24.11.2020","7,770","7,830","7,830","7,750","-1,15%"
"23.11.2020","7,860","7,775","7,890","7,775","0,90%"
"20.11.2020","7,790","7,665","7,790","7,665","1,70%"
"19.11.2020","7,660","7,645","7,700","7,645","0,86%"
"18.11.2020","7,595","7,455","7,650","7,455","1,81%"
"17.11.2020","7,460","7,480","7,480","7,455","-0,27%"
"16.11.2020","7,480","7,455","7,480","7,380","0,13%"
"13.11.2020","7,470","7,585","7,585","7,455","-1,84%"
"12.11.2020","7,610","7,510","7,610","7,460","1,20%"
"11.11.2020","7,520","7,230","7,520","7,230","3,94%"
"10.11.2020","7,235","7,140","7,240","7,140","1,05%"
"09.11.2020","7,160","7,260","7,260","7,110","-2,45%"
"06.11.2020","7,340","7,435","7,480","7,270","-2,00%"
"05.11.2020","7,490","7,525","7,525","7,460","-0,93%"
"04.11.2020","7,560","7,655","7,655","7,525","-1,69%"
"03.11.2020","7,690","7,595","7,690","7,500","1,05%"
"30.10.2020","7,610","7,525","7,610","7,525","1,60%"
"29.10.2020","7,490","7,495","7,540","7,470","0,13%"
"28.10.2020","7,480","7,540","7,630","7,480","-1,19%"
"27.10.2020","7,570","7,560","7,640","7,540","-0,26%"
"26.10.2020","7,590","7,615","7,615","7,560","-0,13%"
"23.10.2020","7,600","7,580","7,640","7,580","0,53%"
"22.10.2020","7,560","7,445","7,590","7,445","1,07%"
"21.10.2020","7,480","7,375","7,480","7,375","1,22%"
"20.10.2020","7,390","7,530","7,530","7,375","-1,60%"
"19.10.2020","7,510","7,665","7,680","7,510","-2,21%"
"16.10.2020","7,680","7,655","7,690","7,655","0,13%"
"15.10.2020","7,670","7,505","7,680","7,505","1,86%"
"14.10.2020","7,530","7,560","7,560","7,505","0,13%"
"13.10.2020","7,520","7,675","7,675","7,520","-2,21%"
"09.10.2020","7,690","7,710","7,710","7,670","-0,39%"
"08.10.2020","7,720","7,625","7,720","7,625","1,45%"
"07.10.2020","7,610","7,540","7,650","7,540","1,74%"
"06.10.2020","7,480","7,360","7,540","7,280","1,77%"
"05.10.2020","7,350","7,475","7,510","7,350","-1,74%"
"02.10.2020","7,480","7,380","7,480","7,330","0,13%"
"01.10.2020","7,470","7,360","7,470","7,360","1,77%"
"30.09.2020","7,340","7,495","7,495","7,340","-2,65%"
"29.09.2020","7,540","7,560","7,630","7,495","6,50%"
"28.09.2020","7,080","7,145","7,145","7,080","-0,56%"
"25.09.2020","7,120","7,150","7,170","7,090","-0,70%"
"24.09.2020","7,170","7,325","7,325","7,150","-1,65%"
"23.09.2020","7,290","7,215","7,370","7,215","0,55%"
"22.09.2020","7,250","7,315","7,315","7,215","-2,29%"
"21.09.2020","7,420","7,305","7,440","7,305","1,78%"
"18.09.2020","7,290","7,065","7,330","7,065","2,97%"
"17.09.2020","7,080","7,205","7,205","7,080","-1,67%"
"16.09.2020","7,200","7,085","7,205","7,085","1,98%"
"15.09.2020","7,060","7,020","7,110","7,020","0,57%"
"14.09.2020","7,020","7,070","7,070","6,975","-1,61%"
"11.09.2020","7,135","7,055","7,135","7,005","1,13%"
"10.09.2020","7,055","6,820","7,055","6,820","3,14%"
"09.09.2020","6,840","6,875","6,875","6,800","-0,58%"
"08.09.2020","6,880","6,725","6,880","6,725","2,08%"
"04.09.2020","6,740","6,805","6,805","6,710","-1,46%"
"03.09.2020","6,840","6,890","6,890","6,820","-0,73%"
"02.09.2020","6,890","6,820","6,890","6,820","1,03%"
"01.09.2020","6,820","6,905","6,905","6,810","-1,45%"
"31.08.2020","6,920","6,855","6,970","6,855","8,81%"
"28.08.2020","6,360","7,015","7,015","6,360","0,16%"
"27.08.2020","6,350","7,065","7,065","6,350","-10,18%"
"26.08.2020","7,070","6,860","7,070","6,860","2,76%"
"25.08.2020","6,880","6,840","6,880","6,840","0,51%"
"24.08.2020","6,845","6,920","6,920","6,840","-0,73%"
"22.08.2020","6,895","6,895","6,895","6,895","-0,36%"
"21.08.2020","6,920","6,950","6,950","6,920","-0,43%"
"20.08.2020","6,950","6,990","6,990","6,950","-0,57%"
"19.08.2020","6,990","6,855","6,990","6,855","1,97%"
"18.08.2020","6,855","7,160","7,160","6,855","-4,26%"
"17.08.2020","7,160","7,000","7,170","7,000","1,70%"
"14.08.2020","7,040","7,000","7,040","6,950","0,14%"
"13.08.2020","7,030","6,845","7,050","6,625","1,44%"
"12.08.2020","6,930","6,625","6,930","6,625","4,05%"
"11.08.2020","6,660","6,545","6,680","6,545","1,52%"
"10.08.2020","6,560","6,475","6,580","6,475","0,69%"
"07.08.2020","6,515","6,425","6,540","6,425","1,32%"
"06.08.2020","6,430","6,470","6,500","6,420","-0,77%"
"05.08.2020","6,480","6,370","6,480","6,370","1,57%"
"04.08.2020","6,380","6,285","6,400","6,285","1,43%"
"03.08.2020","6,290","6,285","6,370","6,285","-0,16%"
"31.07.2020","6,300","6,330","6,330","6,285","-0,79%"
"30.07.2020","6,350","6,510","6,520","6,350","-2,46%"
"29.07.2020","6,510","6,500","6,520","6,470","-0,69%"
"28.07.2020","6,555","6,485","6,555","6,485","1,00%"
"27.07.2020","6,490","6,555","6,555","6,465","-0,92%"
"24.07.2020","6,550","6,645","6,645","6,550","-1,43%"
"23.07.2020","6,645","6,545","6,645","6,545","5,14%"
"22.07.2020","6,320","6,445","6,445","6,320","0,16%"
"21.07.2020","6,310","6,310","6,310","6,310","0,96%"
"20.07.2020","6,250","6,365","6,365","6,250","-2,04%"
"17.07.2020","6,380","6,515","6,515","6,320","-2,07%"
"16.07.2020","6,515","6,485","6,525","6,430","0,46%"
"15.07.2020","6,485","6,495","6,495","6,485","-0,15%"
"14.07.2020","6,495","6,475","6,495","6,475","0,31%"
"13.07.2020","6,475","6,420","6,475","6,420","2,25%"
"11.07.2020","6,332","6,332","6,332","6,332","-1,36%"
"10.07.2020","6,420","6,420","6,420","6,420","0,00%"
"09.07.2020","6,420","6,525","6,525","6,420","-1,23%"
"08.07.2020","6,500","6,560","6,560","6,500","-0,91%"
"07.07.2020","6,560","6,430","6,560","6,430","2,66%"
"06.07.2020","6,390","6,485","6,485","6,390","-1,69%"
"03.07.2020","6,500","6,625","6,625","6,500","-1,96%"
"02.07.2020","6,630","6,605","6,630","6,605","0,30%"
"01.07.2020","6,610","6,715","6,715","6,605","-1,49%"
"30.06.2020","6,710","6,840","6,840","6,700","-1,03%"
"29.06.2020","6,780","6,910","6,910","6,780","-1,52%"
"27.06.2020","6,885","6,885","6,885","6,885","-0,08%"
"26.06.2020","6,890","6,855","6,890","6,855","0,51%"
"25.06.2020","6,855","7,005","7,005","6,855","-0,07%"
"24.06.2020","6,860","6,885","7,005","6,860","-0,72%"
"23.06.2020","6,910","7,000","7,000","6,910","0,00%"
"22.06.2020","6,910","6,851","7,015","6,851","0,73%"
"19.06.2020","6,860","6,860","6,860","6,850","-0,15%"
"18.06.2020","6,870","6,655","6,870","6,655","3,08%"
"17.06.2020","6,665","6,825","6,825","6,655","-2,13%"
"16.06.2020","6,810","6,685","6,825","6,660","1,64%"
"15.06.2020","6,700","6,670","6,740","6,670","0,45%"
"12.06.2020","6,670","6,620","6,670","6,610","0,00%"
"10.06.2020","6,670","6,760","6,760","6,630","-1,62%"
"09.06.2020","6,780","6,750","6,820","6,750","0,15%"
"08.06.2020","6,770","6,840","6,880","6,750","-0,73%"
"05.06.2020","6,820","6,805","6,840","6,805","0,29%"
"04.06.2020","6,800","6,700","6,800","6,700","1,49%"
"03.06.2020","6,700","6,800","6,800","6,700","-1,62%"
"02.06.2020","6,810","6,950","6,950","6,800","-2,30%"
"01.06.2020","6,970","6,960","7,000","6,950","0,14%"
"29.05.2020","6,960","7,090","7,090","6,960","-1,00%"
"28.05.2020","7,030","7,015","7,090","7,015","-0,14%"
"27.05.2020","7,040","7,060","7,135","7,040","0,00%"
"26.05.2020","7,040","7,095","7,095","6,975","-0,78%"
"25.05.2020","7,095","7,430","7,430","7,095","-4,12%"
"22.05.2020","7,400","7,560","7,560","7,400","-0,94%"
"21.05.2020","7,470","7,470","7,470","7,470","-3,24%"
"20.05.2020","7,720","7,760","7,760","7,690","-0,77%"
"19.05.2020","7,780","7,770","7,780","7,760","-0,51%"
"18.05.2020","7,820","7,980","7,980","7,815","-2,13%"
"15.05.2020","7,990","7,995","8,060","7,970","-1,72%"
"14.05.2020","8,130","8,125","8,270","8,030","-0,37%"
"13.05.2020","8,160","8,025","8,160","8,025","0,43%"
"12.05.2020","8,125","7,745","8,125","7,660","4,70%"
"11.05.2020","7,760","7,660","7,760","7,660","1,31%"
"08.05.2020","7,660","7,775","7,790","7,660","-1,54%"
"07.05.2020","7,780","7,525","7,780","7,525","1,43%"
"06.05.2020","7,670","7,635","7,790","7,530","0,39%"
"05.05.2020","7,640","7,570","7,640","7,440","-0,78%"
"04.05.2020","7,700","7,525","7,790","7,525","1,58%"
"30.04.2020","7,580","7,490","7,610","7,490","1,07%"
"29.04.2020","7,500","7,720","7,830","7,500","-2,85%"
"28.04.2020","7,720","8,485","8,485","7,670","-9,07%"
"27.04.2020","8,490","8,545","8,545","8,490","16,70%"
"24.04.2020","7,275","7,275","7,275","7,275","1,18%"
"23.04.2020","7,190","6,955","7,290","6,955","3,83%"
"22.04.2020","6,925","6,985","6,985","6,880","-0,43%"
"20.04.2020","6,955","7,010","7,090","6,955","-1,07%"
"17.04.2020","7,030","7,105","7,105","7,020","-0,99%"
"16.04.2020","7,100","7,315","7,315","7,100","-3,27%"
"15.04.2020","7,340","7,465","7,465","7,315","-1,74%"
"14.04.2020","7,470","7,615","7,615","7,470","-1,97%"
"13.04.2020","7,620","7,625","7,740","7,620","-0,26%"
"09.04.2020","7,640","7,780","7,780","7,640","-3,17%"
"08.04.2020","7,890","7,900","8,090","7,890","-1,00%"
"07.04.2020","7,970","7,995","7,995","7,800","0,82%"
"06.04.2020","7,905","8,175","8,175","7,880","-3,83%"
"03.04.2020","8,220","7,915","8,220","7,915","3,92%"
"02.04.2020","7,910","7,820","7,910","7,820","-0,63%"
"01.04.2020","7,960","7,690","7,960","7,690","4,05%"
"31.03.2020","7,650","7,765","7,765","7,650","-2,55%"
"30.03.2020","7,850","7,795","7,850","7,700","-0,13%"
"27.03.2020","7,860","7,865","8,090","7,780","-1,38%"
"26.03.2020","7,970","8,575","8,575","7,880","-6,24%"
"25.03.2020","8,500","9,435","9,435","8,500","-10,53%"
"24.03.2020","9,500","9,785","9,785","9,500","-3,46%"
"23.03.2020","9,840","9,155","9,840","9,155","8,01%"
"20.03.2020","9,110","9,055","9,330","8,950","-0,44%"
"19.03.2020","9,150","8,880","9,190","8,870","3,04%"
"18.03.2020","8,880","7,660","8,880","7,660","17,62%"
"17.03.2020","7,550","7,950","7,950","7,550","-9,25%"
"16.03.2020","8,320","8,010","8,850","7,980","3,87%"
"13.03.2020","8,010","9,030","9,030","8,010","-10,80%"
"12.03.2020","8,980","8,980","8,980","8,980","27,20%"
"11.03.2020","7,060","7,060","7,060","7,060","-0,98%"
"10.03.2020","7,130","7,165","7,165","7,130","6,18%"
"09.03.2020","6,715","6,715","6,715","6,715","-0,67%"
"06.03.2020","6,760","6,725","6,915","6,725","0,30%"
"05.03.2020","6,740","6,555","6,740","6,555","3,14%"
"04.03.2020","6,535","6,585","6,585","6,530","0,15%"
"03.03.2020","6,525","6,770","6,770","6,525","-0,68%"
"02.03.2020","6,570","6,770","6,770","6,570","-3,10%"
"28.02.2020","6,780","6,725","6,780","6,725","1,35%"
"27.02.2020","6,690","6,770","6,825","6,690","-0,74%"
"26.02.2020","6,740","6,615","6,740","6,615","2,59%"
"21.02.2020","6,570","6,545","6,600","6,545","-0,15%"
"20.02.2020","6,580","6,495","6,580","6,495","1,39%"
"19.02.2020","6,490","6,495","6,530","6,490","0,00%"
"18.02.2020","6,490","6,480","6,490","6,480","0,46%"
"17.02.2020","6,460","6,430","6,460","6,430","0,16%"
"14.02.2020","6,450","6,525","6,525","6,450","-1,45%"
"13.02.2020","6,545","6,485","6,565","6,485","0,61%"
"12.02.2020","6,505","6,500","6,505","6,490","0,23%"
"11.02.2020","6,490","6,565","6,565","6,490","-0,99%"
"10.02.2020","6,555","6,655","6,655","6,555","-0,83%"
"07.02.2020","6,610","6,565","6,655","6,560","1,69%"
"06.02.2020","6,500","6,480","6,565","6,480","-0,84%"
"05.02.2020","6,555","6,590","6,590","6,555","-0,46%"
"04.02.2020","6,585","6,630","6,630","6,560","-0,45%"
"03.02.2020","6,615","6,700","6,700","6,615","-1,27%"
"31.01.2020","6,700","6,695","6,700","6,670","-0,59%"
"30.01.2020","6,740","6,705","6,740","6,670","1,20%"
"29.01.2020","6,660","6,675","6,705","6,650","-0,82%"
"28.01.2020","6,715","6,715","6,715","6,675","-0,15%"
"27.01.2020","6,725","6,735","6,775","6,715","0,00%"
"24.01.2020","6,725","6,745","6,745","6,725","0,00%"
"23.01.2020","6,725","6,760","6,785","6,725","-0,37%"
"22.01.2020","6,750","6,800","6,800","6,750","-0,44%"
"21.01.2020","6,780","6,830","6,835","6,780","-0,80%"
"20.01.2020","6,835","6,800","6,835","6,800","-0,15%"
"17.01.2020","6,845","6,880","6,880","6,825","-0,36%"
"16.01.2020","6,870","6,780","6,870","6,780","1,48%"
"15.01.2020","6,770","6,815","6,815","6,760","-0,37%"
"14.01.2020","6,795","6,865","6,865","6,795","-1,09%"
"13.01.2020","6,870","6,780","6,870","6,780","1,48%"
"10.01.2020","6,770","6,755","6,780","6,755","-0,07%"
"09.01.2020","6,775","6,800","6,840","6,775","0,07%"
"08.01.2020","6,770","6,830","6,830","6,770","-0,73%"
"07.01.2020","6,820","6,825","6,880","6,820","-0,07%"
"06.01.2020","6,825","6,775","6,915","6,775","1,04%"
"03.01.2020","6,755","6,735","6,755","6,735","0,45%"
"02.01.2020","6,725","6,790","6,790","6,725","-0,49%"
"31.12.2019","6,758","6,758","6,758","6,758","-0,69%"
"30.12.2019","6,805","6,880","6,880","6,805","-1,31%"
"27.12.2019","6,895","6,890","6,915","6,890","0,66%"
"26.12.2019","6,850","6,970","6,970","6,850","-1,25%"
"24.12.2019","6,937","6,937","6,937","6,937","-0,47%"
"23.12.2019","6,970","7,050","7,050","6,970","-1,41%"
"20.12.2019","7,070","7,115","7,115","7,070","0,07%"
"19.12.2019","7,065","6,975","7,065","6,975","2,24%"
"18.12.2019","6,910","6,990","6,990","6,910","-0,86%"
"17.12.2019","6,970","6,885","6,990","6,885","1,38%"
"16.12.2019","6,875","6,800","6,875","6,780","1,55%"
"13.12.2019","6,770","6,770","6,770","6,750","0,15%"
"12.12.2019","6,760","6,780","6,780","6,750","-0,29%"
"11.12.2019","6,780","6,800","6,800","6,750","-0,44%"
"10.12.2019","6,810","6,790","6,840","6,790","0,44%"
"09.12.2019","6,780","6,775","6,790","6,755","-0,07%"
"06.12.2019","6,785","6,835","6,835","6,775","-0,44%"
"05.12.2019","6,815","6,810","6,830","6,810","-0,07%"
"04.12.2019","6,820","6,850","6,850","6,805","-0,51%"
"03.12.2019","6,855","6,890","6,890","6,855","-0,80%"
"02.12.2019","6,910","6,925","6,930","6,910","0,36%"
"29.11.2019","6,885","6,955","6,955","6,885","-0,86%"
"28.11.2019","6,945","7,000","7,075","6,945","-1,14%"
"27.11.2019","7,025","6,975","7,025","6,975","0,07%"
"26.11.2019","7,020","6,915","7,020","6,915","2,56%"
"25.11.2019","6,845","6,855","6,855","6,845","0,29%"
"22.11.2019","6,825","6,795","6,870","6,795","-0,66%"
"21.11.2019","6,870","6,525","6,870","6,525","1,57%"
"20.11.2019","6,764","6,764","6,764","6,764","-0,32%"
"19.11.2019","6,785","6,525","6,785","6,525","1,50%"
"18.11.2019","6,685","6,525","6,725","6,525","-0,07%"
"14.11.2019","6,690","6,525","6,735","6,525","-0,30%"
"13.11.2019","6,710","6,770","6,830","6,710","0,15%"
"12.11.2019","6,700","6,660","6,770","6,660","0,90%"
"11.11.2019","6,640","6,690","6,730","6,640","-0,52%"
"08.11.2019","6,675","6,680","6,730","6,580","0,53%"
"07.11.2019","6,640","6,530","6,640","6,430","2,31%"
"06.11.2019","6,490","6,490","6,510","6,360","0,93%"
"05.11.2019","6,430","6,450","6,450","6,370","0,70%"
"04.11.2019","6,385","6,330","6,390","6,330","-0,39%"
"01.11.2019","6,410","6,400","6,410","6,370","-0,47%"
"31.10.2019","6,440","6,440","6,440","6,440","-1,45%"
"30.10.2019","6,535","6,545","6,545","6,535","0,38%"
"29.10.2019","6,510","6,500","6,520","6,470","0,23%"
"28.10.2019","6,495","6,510","6,525","6,495","-0,84%"
"25.10.2019","6,550","6,590","6,590","6,540","-0,15%"
"24.10.2019","6,560","6,560","6,560","6,560","-0,15%"
"23.10.2019","6,570","6,590","6,590","6,570","-0,45%"
"22.10.2019","6,600","6,590","6,640","6,510","0,69%"
"21.10.2019","6,555","6,570","6,610","6,530","-0,23%"
"18.10.2019","6,570","6,630","6,630","6,530","0,00%"
"17.10.2019","6,570","6,690","6,690","6,530","-1,05%"
"16.10.2019","6,640","6,750","6,800","6,630","-1,63%"
"15.10.2019","6,750","6,690","6,770","6,620","1,05%"
"14.10.2019","6,680","6,670","6,680","6,640","-0,30%"
"11.10.2019","6,700","6,900","6,900","6,660","-1,90%"
"10.10.2019","6,830","6,940","6,940","6,830","-1,30%"
"09.10.2019","6,920","7,050","7,050","6,880","-1,00%"
"08.10.2019","6,990","7,040","7,040","6,980","-0,43%"
"07.10.2019","7,020","6,960","7,030","6,940","0,72%"
"04.10.2019","6,970","7,000","7,000","6,940","-0,14%"
"03.10.2019","6,980","7,110","7,110","6,970","-0,99%"
"02.10.2019","7,050","7,020","7,080","7,010","0,71%"
"01.10.2019","7,000","7,110","7,120","7,000","-0,64%"
"30.09.2019","7,045","7,030","7,060","7,020","-0,07%"
"27.09.2019","7,050","7,060","7,070","7,030","-0,14%"
"26.09.2019","7,060","7,090","7,090","7,050","-0,42%"
"25.09.2019","7,090","7,170","7,210","7,090","-0,98%"
"24.09.2019","7,160","7,100","7,190","7,080","0,49%"
"23.09.2019","7,125","7,090","7,125","7,080","0,78%"
"20.09.2019","7,070","7,170","7,180","7,060","-1,67%"
"19.09.2019","7,190","7,140","7,200","7,030","0,28%"
"18.09.2019","7,170","7,235","7,235","7,130","-0,21%"
"17.09.2019","7,185","7,295","7,325","7,175","-1,51%"
"16.09.2019","7,295","7,395","7,415","7,285","-1,62%"
"13.09.2019","7,415","7,360","7,435","7,290","1,44%"
"12.09.2019","7,310","7,330","7,360","7,250","-0,27%"
"11.09.2019","7,330","7,430","7,430","7,280","0,00%"
"10.09.2019","7,330","7,410","7,410","7,320","-0,27%"
"09.09.2019","7,350","7,335","7,375","7,295","0,34%"
"06.09.2019","7,325","7,355","7,355","7,275","0,14%"
"05.09.2019","7,315","7,365","7,375","7,245","0,27%"
"04.09.2019","7,295","7,350","7,350","7,260","-1,02%"
"03.09.2019","7,370","7,450","7,460","7,350","-0,94%"
"02.09.2019","7,440","7,430","7,490","7,410","0,00%"
"30.08.2019","7,440","7,590","7,590","7,410","-1,33%"
"29.08.2019","7,540","7,560","7,700","7,495","-0,66%"
"28.08.2019","7,590","7,500","7,600","7,460","2,29%"
"27.08.2019","7,420","7,365","7,610","7,285","0,47%"
"26.08.2019","7,385","7,270","7,435","7,230","1,72%"
"23.08.2019","7,260","7,280","7,300","7,170","0,62%"
"22.08.2019","7,215","7,180","7,230","7,180","-0,07%"
"21.08.2019","7,220","7,310","7,310","7,200","-1,23%"
"20.08.2019","7,310","7,230","7,410","7,210","0,41%"
"19.08.2019","7,280","7,180","7,300","7,160","1,39%"
"16.08.2019","7,180","7,305","7,305","7,180","-0,90%"
"15.08.2019","7,245","7,260","7,335","7,200","-0,14%"
"14.08.2019","7,255","7,215","7,270","7,185","0,69%"
"13.08.2019","7,205","7,245","7,245","7,145","0,00%"
"12.08.2019","7,205","7,245","7,365","7,195","0,56%"
"09.08.2019","7,165","7,175","7,215","7,155","0,28%"
"08.08.2019","7,145","7,210","7,210","7,130","-0,63%"
"07.08.2019","7,190","7,360","7,360","7,180","-1,03%"
"06.08.2019","7,265","7,390","7,390","7,250","-1,56%"
"05.08.2019","7,380","7,310","7,380","7,290","1,79%"
"02.08.2019","7,250","7,260","7,330","7,220","-0,41%"
"01.08.2019","7,280","7,230","7,300","7,100","0,41%"
"31.07.2019","7,250","7,270","7,280","7,160","0,55%"
"30.07.2019","7,210","7,220","7,300","7,195","-0,07%"
"29.07.2019","7,215","7,215","7,215","7,215","-0,21%"
"26.07.2019","7,230","7,260","7,280","7,220","-0,41%"
"25.07.2019","7,260","7,190","7,280","7,150","0,97%"
"24.07.2019","7,190","7,230","7,230","7,180","-0,55%"
"23.07.2019","7,230","7,345","7,350","7,210","-0,75%"
"22.07.2019","7,285","7,305","7,305","7,275","-0,55%"
"19.07.2019","7,325","7,360","7,360","7,260","0,62%"
"18.07.2019","7,280","7,330","7,330","7,260","-0,55%"
"17.07.2019","7,320","7,320","7,400","7,290","-0,27%"
"16.07.2019","7,340","7,260","7,340","7,220","1,10%"
"15.07.2019","7,260","7,270","7,280","7,210","-0,27%"
"12.07.2019","7,280","7,200","7,280","7,170","1,11%"
"11.07.2019","7,200","7,180","7,260","7,160","-0,28%"
"10.07.2019","7,220","7,250","7,260","7,190","-1,10%"
"08.07.2019","7,300","7,370","7,420","7,290","-1,35%"
"05.07.2019","7,400","7,310","7,400","7,310","1,37%"
"04.07.2019","7,300","7,320","7,350","7,250","-0,54%"
"03.07.2019","7,340","7,390","7,390","7,225","-0,14%"
"02.07.2019","7,350","7,390","7,420","7,230","0,55%"
"01.07.2019","7,310","7,420","7,420","7,300","-2,27%"
"28.06.2019","7,480","7,650","7,650","7,430","-1,45%"
"27.06.2019","7,590","7,670","7,670","7,580","-0,52%"
"26.06.2019","7,630","7,705","7,715","7,575","-1,10%"
"25.06.2019","7,715","7,740","7,740","7,615","0,33%"
"24.06.2019","7,690","7,720","7,730","7,650","0,13%"
"21.06.2019","7,680","7,945","7,945","7,670","-1,98%"
"19.06.2019","7,835","7,990","8,020","7,835","-1,69%"
"18.06.2019","7,970","7,950","7,970","7,860","0,25%"
"17.06.2019","7,950","7,950","7,980","7,880","0,51%"
"14.06.2019","7,910","7,930","8,000","7,860","0,38%"
"13.06.2019","7,880","7,980","8,000","7,880","-1,87%"
"12.06.2019","8,030","8,020","8,050","7,910","0,37%"
"11.06.2019","8,000","8,190","8,190","7,955","-2,20%"
"10.06.2019","8,180","8,150","8,190","8,090","0,00%"
"07.06.2019","8,180","8,260","8,270","8,120","-0,73%"
"06.06.2019","8,240","8,310","8,310","8,195","-0,72%"
"05.06.2019","8,300","8,180","8,320","8,150","0,97%"
"04.06.2019","8,220","8,300","8,320","8,165","-0,48%"
"03.06.2019","8,260","8,510","8,510","8,260","-2,48%"
"31.05.2019","8,470","8,490","8,540","8,425","0,36%"
"30.05.2019","8,440","8,510","8,580","8,430","-0,82%"
"29.05.2019","8,510","8,740","8,740","8,460","-1,62%"
"28.05.2019","8,650","8,840","8,840","8,640","-1,70%"
"27.05.2019","8,800","8,840","8,840","8,760","-0,79%"
"24.05.2019","8,870","8,830","8,880","8,780","0,45%"
"23.05.2019","8,830","8,940","8,940","8,815","-0,34%"
"22.05.2019","8,860","8,850","8,880","8,800","0,57%"
"21.05.2019","8,810","9,100","9,100","8,810","-2,22%"
"20.05.2019","9,010","9,150","9,150","8,990","-0,99%"
"17.05.2019","9,100","9,010","9,170","9,010","1,22%"
"16.05.2019","8,990","8,890","9,010","8,870","1,01%"
"15.05.2019","8,900","8,860","8,910","8,800","1,02%"
"14.05.2019","8,810","8,900","8,900","8,770","-1,01%"
"13.05.2019","8,900","8,850","8,900","8,805","1,25%"
"10.05.2019","8,790","8,800","8,810","8,740","-0,23%"
"09.05.2019","8,810","8,870","8,870","8,790","-0,23%"
"08.05.2019","8,830","8,900","8,900","8,780","-0,56%"
"07.05.2019","8,880","8,935","8,945","8,870","-0,28%"
"06.05.2019","8,905","8,945","8,955","8,870","0,11%"
"03.05.2019","8,895","9,035","9,065","8,895","-1,00%"
"02.05.2019","8,985","8,970","9,035","8,965","0,22%"
"30.04.2019","8,965","9,005","9,035","8,945","-0,44%"
"29.04.2019","9,005","8,965","9,045","8,950","0,39%"
"26.04.2019","8,970","8,990","9,040","8,955","-0,11%"
"25.04.2019","8,980","9,020","9,050","8,970","-0,77%"
"24.04.2019","9,050","8,890","9,050","8,840","1,91%"
"23.04.2019","8,880","8,960","8,960","8,860","-1,11%"
"22.04.2019","8,980","8,980","9,000","8,930","0,22%"
"18.04.2019","8,960","8,990","9,010","8,900","-0,55%"
"17.04.2019","9,010","8,970","9,050","8,920","0,33%"
"16.04.2019","8,980","8,950","9,000","8,920","0,79%"
"15.04.2019","8,910","8,990","9,000","8,890","-0,78%"
"12.04.2019","8,980","9,080","9,080","8,900","0,56%"
"11.04.2019","8,930","8,990","9,000","8,885","0,11%"
"10.04.2019","8,920","8,990","9,020","8,870","-0,78%"
"09.04.2019","8,990","9,030","9,050","8,990","0,11%"
"08.04.2019","8,980","8,930","9,010","8,920","0,45%"
"05.04.2019","8,940","8,950","8,950","8,870","0,11%"
"04.04.2019","8,930","9,050","9,060","8,910","-0,89%"
"03.04.2019","9,010","8,960","9,040","8,860","1,12%"
"02.04.2019","8,910","8,870","8,930","8,850","0,45%"
"01.04.2019","8,870","8,895","8,940","8,850","-1,28%"
"29.03.2019","8,985","8,940","9,005","8,830","0,73%"
"28.03.2019","8,920","9,370","9,430","8,900","-4,70%"
"27.03.2019","9,360","9,270","9,370","9,090","3,31%"
"26.03.2019","9,060","9,060","9,060","8,920","0,50%"
"25.03.2019","9,015","9,085","9,250","8,970","-1,37%"
"22.03.2019","9,140","8,910","9,140","8,900","4,34%"
"21.03.2019","8,760","8,770","8,930","8,680","0,46%"
"20.03.2019","8,720","8,850","8,850","8,680","-0,80%"
"19.03.2019","8,790","8,800","8,800","8,700","0,00%"
"18.03.2019","8,790","8,825","8,860","8,780","-0,45%"
"15.03.2019","8,830","8,910","8,920","8,780","-0,17%"
"14.03.2019","8,845","8,810","8,900","8,770","1,09%"
"13.03.2019","8,750","8,825","8,825","8,740","-0,74%"
"12.03.2019","8,815","9,055","9,065","8,795","-0,90%"
"11.03.2019","8,895","8,930","8,950","8,850","-1,39%"
"08.03.2019","9,020","9,080","9,080","8,980","-0,55%"
"07.03.2019","9,070","9,180","9,180","9,060","-0,55%"
"06.03.2019","9,120","9,050","9,200","9,050","0,33%"
"01.03.2019","9,090","9,040","9,130","9,010","0,78%"
"28.02.2019","9,020","9,010","9,050","8,980","0,56%"
"27.02.2019","8,970","9,020","9,020","8,940","-0,44%"
"26.02.2019","9,010","9,050","9,050","8,950","0,22%"
"25.02.2019","8,990","8,950","9,000","8,890","0,67%"
"22.02.2019","8,930","9,200","9,210","8,910","-0,78%"
"21.02.2019","9,000","8,970","9,020","8,945","0,33%"
"20.02.2019","8,970","8,795","9,000","8,750","1,82%"
"19.02.2019","8,810","8,910","8,930","8,770","-1,12%"
"18.02.2019","8,910","8,780","8,930","8,770","1,60%"
"15.02.2019","8,770","8,770","8,770","8,770","-0,34%"
"14.02.2019","8,800","8,950","9,010","8,770","-1,57%"
"13.02.2019","8,940","9,000","9,010","8,870","-0,22%"
"12.02.2019","8,960","9,080","9,080","8,960","-0,99%"
"11.02.2019","9,050","9,020","9,160","8,980","0,00%"
"08.02.2019","9,050","8,980","9,180","8,930","0,78%"
"07.02.2019","8,980","8,940","9,030","8,910","0,56%"
"06.02.2019","8,930","8,740","9,030","8,740","1,36%"
"05.02.2019","8,810","8,750","8,880","8,740","0,69%"
"04.02.2019","8,750","8,830","8,880","8,730","0,46%"
"01.02.2019","8,710","8,850","8,910","8,710","-1,80%"
"31.01.2019","8,870","9,050","9,050","8,800","-2,10%"
"30.01.2019","9,060","9,040","9,140","8,950","0,22%"
"29.01.2019","9,040","9,140","9,140","9,000","-0,99%"
"28.01.2019","9,130","9,070","9,180","9,070","0,66%"
"25.01.2019","9,070","9,070","9,070","9,070","-0,44%"
"24.01.2019","9,110","9,090","9,120","8,970","1,56%"
"23.01.2019","8,970","9,025","9,260","8,950","-1,75%"
"22.01.2019","9,130","9,060","9,150","8,980","1,00%"
"21.01.2019","9,040","9,090","9,160","9,030","-0,66%"
"18.01.2019","9,100","9,195","9,250","9,070","-1,19%"
"17.01.2019","9,210","9,230","9,250","9,210","-0,43%"
"16.01.2019","9,250","9,235","9,255","9,235","0,49%"
"15.01.2019","9,205","9,140","9,215","9,140","0,77%"
"14.01.2019","9,135","9,185","9,210","9,135","-0,92%"
"11.01.2019","9,220","9,195","9,250","9,195","0,11%"
"10.01.2019","9,210","9,125","9,220","9,110","1,26%"
"09.01.2019","9,095","9,145","9,145","9,065","-0,49%"
"08.01.2019","9,140","9,270","9,270","9,110","-0,44%"
"07.01.2019","9,180","9,150","9,430","9,060","0,66%"
"04.01.2019","9,120","9,190","9,290","9,050","-0,65%"
"03.01.2019","9,180","9,240","9,270","9,140","-0,76%"
"02.01.2019","9,250","9,240","9,360","9,120","0,11%"
"31.12.2018","9,240","9,240","9,240","9,240","-0,86%"
"28.12.2018","9,320","9,280","9,370","9,190","-0,21%"
"27.12.2018","9,340","9,400","9,410","9,230","-0,32%"
"26.12.2018","9,370","9,350","9,460","9,330","0,05%"
"24.12.2018","9,365","9,365","9,365","9,365","-1,00%"
"21.12.2018","9,460","9,450","9,530","9,320","0,11%"
"20.12.2018","9,450","9,595","9,595","9,430","-1,46%"
"19.12.2018","9,590","9,720","9,720","9,500","-1,54%"
"18.12.2018","9,740","9,700","9,810","9,570","0,83%"
"17.12.2018","9,660","9,665","9,730","9,650","-0,21%"
"14.12.2018","9,680","9,830","9,910","9,650","-1,53%"
"13.12.2018","9,830","9,980","10,100","9,800","-2,09%"
"12.12.2018","10,040","10,150","10,170","10,010","-1,08%"
"11.12.2018","10,150","10,120","10,230","10,080","-0,68%"
"10.12.2018","10,220","10,045","10,240","10,045","1,69%"
"07.12.2018","10,050","9,980","10,090","9,910","0,10%"
"06.12.2018","10,040","10,250","10,280","10,010","-0,89%"
"05.12.2018","10,130","10,130","10,250","10,070","0,40%"
"04.12.2018","10,090","10,050","10,190","9,970","0,90%"
"03.12.2018","10,000","9,895","10,020","9,800","0,70%"
"30.11.2018","9,930","9,990","10,070","9,905","-1,00%"
"29.11.2018","10,030","10,050","10,160","9,990","-0,79%"
"28.11.2018","10,110","10,130","10,170","10,000","-0,10%"
"27.11.2018","10,120","10,170","10,345","10,090","-0,78%"
"26.11.2018","10,200","9,875","10,210","9,860","3,13%"
"23.11.2018","9,890","10,030","10,059","9,870","-1,20%"
"22.11.2018","10,010","10,060","10,110","9,920","-0,79%"
"21.11.2018","10,090","10,155","10,240","10,000","-0,64%"
"20.11.2018","10,155","10,155","10,155","10,155","0,05%"
"19.11.2018","10,150","10,170","10,240","10,100","0,00%"
"16.11.2018","10,150","10,380","10,380","10,070","-2,87%"
"14.11.2018","10,450","10,600","10,600","10,390","-1,42%"
"13.11.2018","10,600","10,470","10,610","10,420","1,15%"
"12.11.2018","10,480","10,420","10,570","10,400","0,77%"
"09.11.2018","10,400","10,600","10,610","10,400","-0,95%"
"08.11.2018","10,500","10,330","10,570","10,250","2,14%"
"07.11.2018","10,280","10,220","10,400","10,150","-0,10%"
"06.11.2018","10,290","10,140","10,310","10,140","1,48%"
"05.11.2018","10,140","10,160","10,250","10,110","0,00%"
"01.11.2018","10,140","10,180","10,250","10,110","-0,98%"
"31.10.2018","10,240","10,160","10,270","10,090","0,79%"
"30.10.2018","10,160","10,380","10,380","10,110","-2,31%"
"29.10.2018","10,400","10,070","10,410","10,020","1,46%"
"26.10.2018","10,250","10,535","10,655","10,230","-2,71%"
"25.10.2018","10,535","10,420","10,575","10,420","0,24%"
"24.10.2018","10,510","10,320","10,510","10,290","2,34%"
"23.10.2018","10,270","10,205","10,360","10,180","0,59%"
"22.10.2018","10,210","10,370","10,370","10,120","-1,16%"
"19.10.2018","10,330","10,360","10,470","10,310","-1,43%"
"18.10.2018","10,480","10,320","10,530","10,220","2,14%"
"17.10.2018","10,260","10,385","10,510","10,030","-0,77%"
"16.10.2018","10,340","10,595","10,620","10,280","-2,64%"
"15.10.2018","10,620","10,860","10,860","10,550","-2,21%"
"11.10.2018","10,860","10,805","10,990","10,690","0,00%"
"10.10.2018","10,860","10,690","10,950","10,690","1,02%"
"09.10.2018","10,750","10,920","10,960","10,620","-1,19%"
"08.10.2018","10,880","11,360","11,360","10,810","-4,31%"
"05.10.2018","11,370","11,410","11,470","11,060","0,80%"
"04.10.2018","11,280","11,510","11,510","11,210","-0,88%"
"03.10.2018","11,380","11,290","11,430","11,115","-0,78%"
"02.10.2018","11,470","11,595","11,640","11,310","-0,35%"
"01.10.2018","11,510","11,670","11,725","11,475","-1,07%"
"28.09.2018","11,635","11,480","11,675","11,480","1,26%"
"27.09.2018","11,490","11,580","11,640","11,380","-1,03%"
"26.09.2018","11,610","11,800","11,800","11,560","-1,11%"
"25.09.2018","11,740","11,910","11,970","11,690","-0,17%"
"24.09.2018","11,760","11,920","11,920","11,630","0,51%"
"21.09.2018","11,700","11,840","11,890","11,660","-2,34%"
"20.09.2018","11,980","12,180","12,180","11,790","-0,75%"
"19.09.2018","12,070","12,340","12,350","12,020","-1,39%"
"18.09.2018","12,240","12,340","12,340","12,180","0,00%"
"17.09.2018","12,240","12,490","12,490","12,230","-0,73%"
"14.09.2018","12,330","12,345","12,345","12,325","-1,60%"
"13.09.2018","12,530","12,360","12,550","12,280","0,72%"
"12.09.2018","12,440","12,440","12,440","12,210","-0,40%"
"11.09.2018","12,490","12,460","12,620","12,260","1,88%"
"10.09.2018","12,260","12,230","12,510","12,180","0,49%"
"06.09.2018","12,200","12,520","12,520","12,130","-2,79%"
"05.09.2018","12,550","12,630","12,630","12,370","0,16%"
"04.09.2018","12,530","12,530","12,530","12,260","1,62%"
"03.09.2018","12,330","12,300","12,440","12,220","1,15%"
"31.08.2018","12,190","12,450","12,460","12,130","-1,22%"
"30.08.2018","12,340","12,060","12,490","12,050","2,41%"
"29.08.2018","12,050","12,040","12,140","11,970","0,08%"
"28.08.2018","12,040","12,030","12,080","11,890","0,92%"
"27.08.2018","11,930","12,010","12,030","11,850","-0,67%"
"24.08.2018","12,010","12,270","12,270","12,000","-1,40%"
"23.08.2018","12,180","12,190","12,330","11,990","1,25%"
"22.08.2018","12,030","12,380","12,400","11,980","-2,51%"
"21.08.2018","12,340","11,950","12,350","11,850","3,96%"
"20.08.2018","11,870","11,840","11,950","11,750","0,85%"
"17.08.2018","11,770","11,750","11,920","11,670","1,12%"
"16.08.2018","11,640","11,580","11,750","11,430","0,87%"
"15.08.2018","11,540","11,770","11,780","11,500","-0,60%"
"14.08.2018","11,610","11,650","11,690","11,540","-1,19%"
"13.08.2018","11,750","11,760","12,060","11,730","-0,09%"
"10.08.2018","11,760","11,500","11,830","11,500","2,44%"
"09.08.2018","11,480","11,400","11,480","11,315","1,32%"
"08.08.2018","11,330","11,180","11,330","11,120","1,71%"
"07.08.2018","11,140","11,020","11,230","10,960","1,00%"
"06.08.2018","11,030","10,950","11,035","10,950","-0,18%"
"03.08.2018","11,050","11,190","11,220","11,030","-1,52%"
"02.08.2018","11,220","11,200","11,290","11,170","0,18%"
"01.08.2018","11,200","11,180","11,200","11,040","0,99%"
"31.07.2018","11,090","10,980","11,120","10,970","0,64%"
"30.07.2018","11,020","10,980","11,020","10,945","0,36%"
"27.07.2018","10,980","11,010","11,040","10,880","-0,27%"
"26.07.2018","11,010","10,980","11,020","10,870","1,29%"
"25.07.2018","10,870","11,200","11,200","10,850","-1,36%"
"24.07.2018","11,020","11,120","11,120","10,900","0,00%"
"23.07.2018","11,020","10,930","11,185","10,900","0,64%"
"20.07.2018","10,950","11,070","11,240","10,890","-1,08%"
"19.07.2018","11,070","11,340","11,370","11,070","-2,12%"
"18.07.2018","11,310","11,380","11,380","11,240","-0,09%"
"17.07.2018","11,320","11,400","11,470","11,310","-0,70%"
"16.07.2018","11,400","11,350","11,470","11,240","0,44%"
"13.07.2018","11,350","11,460","11,460","11,250","-0,18%"
"12.07.2018","11,370","11,250","11,440","11,170","1,56%"
"11.07.2018","11,195","11,300","11,300","11,050","0,13%"
"10.07.2018","11,180","11,240","11,240","11,040","-0,53%"
"06.07.2018","11,240","11,420","11,520","11,220","-1,58%"
"05.07.2018","11,420","11,320","11,530","11,230","0,88%"
"04.07.2018","11,320","11,440","11,440","11,140","-0,70%"
"03.07.2018","11,400","11,340","11,440","11,100","0,62%"
"02.07.2018","11,330","11,640","11,640","11,290","-2,50%"
"29.06.2018","11,620","11,730","11,840","11,530","-1,11%"
"28.06.2018","11,750","11,815","11,840","11,620","-0,59%"
"27.06.2018","11,820","11,730","11,940","11,720","0,08%"
"26.06.2018","11,810","11,840","12,010","11,660","-0,25%"
"25.06.2018","11,840","12,000","12,020","11,820","-1,58%"
"22.06.2018","12,030","11,940","12,050","11,890","-0,66%"
"21.06.2018","12,110","11,770","12,110","11,720","2,89%"
"20.06.2018","11,770","11,740","11,880","11,520","0,26%"
"19.06.2018","11,740","12,140","12,150","11,670","-2,00%"
"18.06.2018","11,980","11,950","12,090","11,860","-0,91%"
"15.06.2018","12,090","12,105","12,200","11,900","-1,23%"
"14.06.2018","12,240","11,715","12,260","11,580","4,44%"
"13.06.2018","11,720","11,575","11,830","11,550","0,86%"
"12.06.2018","11,620","11,635","11,750","11,540","-0,26%"
"11.06.2018","11,650","11,595","11,730","11,370","0,00%"
"08.06.2018","11,650","11,955","12,350","11,560","-2,43%"
"07.06.2018","11,940","11,845","12,240","11,540","-2,77%"
"06.06.2018","12,280","12,120","12,120","11,890","6,55%"
"05.06.2018","11,525","11,405","11,525","11,405","2,49%"
"04.06.2018","11,245","11,235","11,330","11,235","-0,22%"
"01.06.2018","11,270","11,295","11,340","11,110","0,45%"
"30.05.2018","11,220","11,300","11,790","11,100","-0,36%"
"29.05.2018","11,260","11,030","11,300","10,910","2,09%"
"28.05.2018","11,030","10,865","11,030","10,855","0,68%"
"25.05.2018","10,955","10,770","10,955","10,620","2,48%"
"24.05.2018","10,690","10,480","10,770","10,480","0,66%"
"23.05.2018","10,620","10,690","10,760","10,490","0,57%"
"22.05.2018","10,560","10,370","10,560","10,360","1,34%"
"21.05.2018","10,420","10,390","10,770","10,390","0,24%"
"20.05.2018","10,395","10,395","10,395","10,395","0,00%"
"18.05.2018","10,395","10,100","10,710","10,100","2,72%"
"17.05.2018","10,120","10,110","10,300","9,900","0,70%"
"16.05.2018","10,050","10,065","10,165","10,020","0,05%"
"15.05.2018","10,045","10,235","10,235","9,980","0,40%"
"14.05.2018","10,005","9,955","10,125","9,895","0,60%"
"11.05.2018","9,945","9,880","9,960","9,800","0,96%"
"10.05.2018","9,850","10,095","10,160","9,840","-2,28%"
"09.05.2018","10,080","9,905","10,130","9,870","1,82%"
"08.05.2018","9,900","9,755","9,910","9,755","1,12%"
"07.05.2018","9,790","9,720","9,790","9,700","0,93%"
"04.05.2018","9,700","9,690","9,780","9,650","0,10%"
"03.05.2018","9,690","9,700","9,740","9,650","-0,31%"
"02.05.2018","9,720","9,650","9,740","9,640","0,52%"
"30.04.2018","9,670","9,600","9,680","9,600","0,62%"
"27.04.2018","9,610","9,795","9,795","9,585","-0,88%"
"26.04.2018","9,695","9,765","9,805","9,685","-1,17%"
"25.04.2018","9,810","9,755","9,910","9,755","0,41%"
"24.04.2018","9,770","9,815","9,815","9,705","0,57%"
"23.04.2018","9,715","9,585","9,715","9,585","0,99%"
"20.04.2018","9,620","9,575","9,680","9,560","0,31%"
"19.04.2018","9,590","9,590","9,620","9,550","0,10%"
"18.04.2018","9,580","9,740","9,740","9,555","-0,93%"
"17.04.2018","9,670","9,715","9,715","9,635","-0,62%"
"16.04.2018","9,730","9,720","9,820","9,670","0,26%"
"13.04.2018","9,705","9,625","9,730","9,600","0,57%"
"12.04.2018","9,650","9,720","9,720","9,560","0,21%"
"11.04.2018","9,630","9,750","9,760","9,605","-0,72%"
"10.04.2018","9,700","9,835","9,835","9,645","-0,36%"
"09.04.2018","9,735","9,670","9,745","9,625","1,09%"
"06.04.2018","9,630","9,555","9,730","9,555","0,52%"
"05.04.2018","9,580","9,620","9,620","9,450","-0,31%"
"04.04.2018","9,610","9,560","9,760","9,560","0,21%"
"03.04.2018","9,590","9,510","9,600","9,460","0,84%"
"02.04.2018","9,510","9,465","9,550","9,465","0,58%"
"29.03.2018","9,455","9,530","9,620","9,455","-0,79%"
"28.03.2018","9,530","9,520","9,620","9,480","0,11%"
"27.03.2018","9,520","9,460","9,570","9,400","0,32%"
"26.03.2018","9,490","9,500","9,540","9,440","-0,52%"
"23.03.2018","9,540","9,460","9,560","9,400","0,85%"
"22.03.2018","9,460","9,445","9,460","9,340","-0,32%"
"21.03.2018","9,490","9,525","9,600","9,450","-0,52%"
"20.03.2018","9,540","9,475","9,540","9,455","0,58%"
"19.03.2018","9,485","9,445","9,485","9,415","0,42%"
"16.03.2018","9,445","9,495","9,515","9,415","-0,53%"
"15.03.2018","9,495","9,490","9,540","9,460","0,05%"
"14.03.2018","9,490","9,560","9,560","9,445","0,00%"
"13.03.2018","9,490","9,585","9,615","9,475","-0,99%"
"12.03.2018","9,585","9,595","9,615","9,535","-0,21%"
"09.03.2018","9,605","9,555","9,615","9,525","0,26%"
"08.03.2018","9,580","9,550","9,610","9,550","0,31%"
"07.03.2018","9,550","9,490","9,590","9,490","0,63%"
"06.03.2018","9,490","9,460","9,550","9,440","0,21%"
"05.03.2018","9,470","9,790","9,790","9,455","-1,04%"
"02.03.2018","9,570","9,590","9,650","9,550","-0,52%"
"01.03.2018","9,620","9,600","9,670","9,580","0,00%"
"28.02.2018","9,620","9,625","9,720","9,570","-0,31%"
"27.02.2018","9,650","9,605","9,660","9,540","0,52%"
"26.02.2018","9,600","9,735","9,850","9,590","-1,54%"
"23.02.2018","9,750","9,805","9,830","9,610","-0,81%"
"22.02.2018","9,830","9,930","9,940","9,810","-0,51%"
"21.02.2018","9,880","9,840","9,900","9,825","0,41%"
"20.02.2018","9,840","9,910","9,910","9,840","-0,20%"
"19.02.2018","9,860","9,850","9,910","9,820","0,10%"
"18.02.2018","9,850","9,850","9,850","9,850","0,00%"
"16.02.2018","9,850","9,940","9,940","9,830","-0,51%"
"15.02.2018","9,900","9,910","9,940","9,850","-0,10%"
"14.02.2018","9,910","9,975","9,975","9,870","-0,45%"
"12.02.2018","9,955","9,955","9,955","9,955","0,00%"
"09.02.2018","9,955","9,850","9,995","9,825","0,91%"
"08.02.2018","9,865","9,800","10,077","9,740","0,97%"
"07.02.2018","9,770","9,800","9,830","9,730","-0,20%"
"06.02.2018","9,790","9,950","9,990","9,790","-0,81%"
"05.02.2018","9,870","9,960","9,960","9,810","0,41%"
"02.02.2018","9,830","9,845","9,855","9,730","1,44%"
"01.02.2018","9,690","9,765","9,785","9,645","-0,31%"
"31.01.2018","9,720","9,790","9,790","9,690","-0,72%"
"30.01.2018","9,790","9,850","9,850","9,750","0,10%"
"29.01.2018","9,780","9,800","9,810","9,740","0,72%"
"26.01.2018","9,710","9,730","9,780","9,640","-1,37%"
"25.01.2018","9,845","9,740","9,845","9,740","1,08%"
"24.01.2018","9,740","10,070","10,070","9,730","-2,79%"
"23.01.2018","10,020","9,960","10,040","9,910","1,01%"
"22.01.2018","9,920","9,880","9,940","9,870","0,20%"
"19.01.2018","9,900","9,875","9,910","9,810","0,61%"
"18.01.2018","9,840","9,970","9,970","9,840","-0,81%"
"17.01.2018","9,920","9,895","9,970","9,870","0,00%"
"16.01.2018","9,920","9,890","9,990","9,880","0,00%"
"15.01.2018","9,920","9,890","9,930","9,810","0,71%"
"12.01.2018","9,850","9,925","9,970","9,810","-0,71%"
"11.01.2018","9,920","10,010","10,030","9,910","-0,70%"
"10.01.2018","9,990","10,070","10,110","9,990","-0,40%"
"09.01.2018","10,030","10,045","10,055","9,995","0,15%"
"08.01.2018","10,015","10,065","10,065","10,015","-0,69%"
"05.01.2018","10,085","10,085","10,115","10,035","0,40%"
"04.01.2018","10,045","10,080","10,080","10,015","0,05%"
"03.01.2018","10,040","10,120","10,120","10,010","-0,40%"
"02.01.2018","10,080","10,290","10,320","10,070","-1,27%"
"29.12.2017","10,210","10,270","10,270","10,210","-0,58%"
"28.12.2017","10,270","10,390","10,390","10,220","-0,96%"
"27.12.2017","10,370","10,300","10,380","10,210","0,78%"
"26.12.2017","10,290","10,450","10,460","10,280","-0,96%"
"22.12.2017","10,390","10,360","10,410","10,340","0,10%"
"21.12.2017","10,380","10,525","10,525","10,350","-1,00%"
"20.12.2017","10,485","10,590","10,610","10,465","-0,80%"
"19.12.2017","10,570","10,500","10,660","10,480","0,48%"
"18.12.2017","10,520","10,345","10,530","10,315","1,11%"
"16.12.2017","10,405","10,405","10,405","10,405","0,00%"
"15.12.2017","10,405","10,345","10,405","10,320","0,53%"
"14.12.2017","10,350","10,360","10,380","10,280","0,83%"
"13.12.2017","10,265","10,250","10,285","10,225","-0,73%"
"12.12.2017","10,340","10,330","10,420","10,260","0,58%"
"11.12.2017","10,280","10,170","10,290","10,140","0,78%"
"08.12.2017","10,200","10,250","10,250","10,145","-0,49%"
"07.12.2017","10,250","10,160","10,380","10,160","1,08%"
"06.12.2017","10,140","10,300","10,300","10,140","-1,27%"
"05.12.2017","10,270","10,310","10,310","10,150","0,10%"
"04.12.2017","10,260","10,375","10,375","10,250","-0,87%"
"01.12.2017","10,350","10,450","10,450","10,310","-0,38%"
"30.11.2017","10,390","10,310","10,420","10,260","0,78%"
"29.11.2017","10,310","10,200","10,320","10,090","1,68%"
"28.11.2017","10,140","10,220","10,220","10,090","-0,29%"
"27.11.2017","10,170","10,210","10,240","10,085","-0,10%"
"24.11.2017","10,180","10,140","10,220","10,100","0,89%"
"23.11.2017","10,090","10,115","10,200","10,050","-0,20%"
"22.11.2017","10,110","10,080","10,190","10,075","-0,10%"
"21.11.2017","10,120","10,225","10,225","10,060","-0,49%"
"20.11.2017","10,170","10,170","10,170","10,170","-0,05%"
"17.11.2017","10,175","10,315","10,515","10,155","-1,21%"
"16.11.2017","10,300","10,495","10,675","10,290","-1,76%"
"15.11.2017","10,485","10,485","10,485","10,485","-0,19%"
"14.11.2017","10,505","10,345","10,515","10,235","2,14%"
"13.11.2017","10,285","10,300","10,390","10,200","0,64%"
"10.11.2017","10,220","10,075","10,270","10,050","1,39%"
"09.11.2017","10,080","10,080","10,130","10,010","0,40%"
"08.11.2017","10,040","10,095","10,120","10,010","-0,59%"
"07.11.2017","10,100","10,035","10,160","10,010","0,50%"
"06.11.2017","10,050","10,185","10,185","10,010","-1,33%"
"03.11.2017","10,185","9,995","10,190","9,995","2,36%"
"01.11.2017","9,950","9,880","9,950","9,880","0,51%"
"31.10.2017","9,900","9,870","10,070","9,805","0,20%"
"30.10.2017","9,880","9,760","9,890","9,760","1,44%"
"29.10.2017","9,740","9,740","9,740","9,740","0,00%"
"27.10.2017","9,740","9,910","9,990","9,740","-0,66%"
"26.10.2017","9,805","9,660","9,860","9,650","1,76%"
"25.10.2017","9,635","9,750","9,750","9,630","-0,67%"
"24.10.2017","9,700","9,730","9,760","9,650","-0,10%"
"23.10.2017","9,710","9,665","9,710","9,615","0,78%"
"22.10.2017","9,635","9,635","9,635","9,635","0,00%"
"20.10.2017","9,635","9,670","9,680","9,590","0,05%"
"19.10.2017","9,630","9,760","9,760","9,630","-0,82%"
"18.10.2017","9,710","9,785","9,785","9,705","-0,21%"
"17.10.2017","9,730","9,870","9,900","9,730","-1,12%"
"16.10.2017","9,840","9,830","9,870","9,790","0,20%"
"13.10.2017","9,820","9,890","9,890","9,760","-0,10%"
"11.10.2017","9,830","9,750","9,830","9,730","0,82%"
"10.10.2017","9,750","9,850","9,850","9,720","-0,61%"
"09.10.2017","9,810","9,820","9,860","9,730","0,72%"
"06.10.2017","9,740","9,895","10,000","9,720","-1,81%"
"05.10.2017","9,920","9,760","9,930","9,760","1,64%"
"04.10.2017","9,760","9,775","9,795","9,720","-0,36%"
"03.10.2017","9,795","9,695","9,805","9,675","0,62%"
"02.10.2017","9,735","9,795","9,875","9,685","-0,10%"
"29.09.2017","9,745","9,845","9,845","9,680","-0,41%"
"28.09.2017","9,785","9,870","9,885","9,735","-0,41%"
"27.09.2017","9,825","9,730","9,850","9,730","1,03%"
"26.09.2017","9,725","9,850","9,850","9,710","-0,46%"
"25.09.2017","9,770","9,645","9,810","9,645","1,14%"
"22.09.2017","9,660","9,630","9,710","9,620","0,31%"
"21.09.2017","9,630","9,880","9,880","9,630","-0,72%"
"20.09.2017","9,700","9,740","9,810","9,670","-0,36%"
"19.09.2017","9,735","9,830","9,830","9,720","-0,56%"
"18.09.2017","9,790","9,840","9,840","9,765","-0,31%"
"15.09.2017","9,820","9,780","9,840","9,760","0,00%"
"14.09.2017","9,820","10,020","10,030","9,770","-1,01%"
"13.09.2017","9,920","9,870","9,930","9,800","0,51%"
"12.09.2017","9,870","9,815","9,970","9,790","0,61%"
"11.09.2017","9,810","9,710","9,840","9,680","0,72%"
"08.09.2017","9,740","9,810","9,810","9,650","-0,71%"
"06.09.2017","9,810","9,890","9,910","9,780","-0,91%"
"05.09.2017","9,900","9,990","9,990","9,870","-0,85%"
"04.09.2017","9,985","10,025","10,035","9,980","-0,25%"
"01.09.2017","10,010","9,975","10,040","9,950","0,55%"
"31.08.2017","9,955","10,080","10,080","9,925","-1,48%"
"30.08.2017","10,105","10,070","10,105","10,035","0,10%"
"29.08.2017","10,095","10,060","10,260","10,050","-0,35%"
"28.08.2017","10,130","10,090","10,130","10,050","-0,20%"
"25.08.2017","10,150","10,150","10,150","10,040","0,59%"
"24.08.2017","10,090","10,210","10,400","10,040","-0,59%"
"23.08.2017","10,150","10,090","10,160","10,070","0,00%"
"22.08.2017","10,150","10,195","10,210","10,105","-0,64%"
"21.08.2017","10,215","10,105","10,245","10,055","0,89%"
"18.08.2017","10,125","10,260","10,270","10,085","-0,93%"
"17.08.2017","10,220","10,170","10,250","10,110","1,09%"
"16.08.2017","10,110","10,050","10,110","9,990","0,80%"
"15.08.2017","10,030","10,060","10,100","10,020","-0,30%"
"14.08.2017","10,060","10,200","10,200","10,020","-1,08%"
"11.08.2017","10,170","10,200","10,230","9,990","0,49%"
"10.08.2017","10,120","10,050","10,130","10,050","0,80%"
"09.08.2017","10,040","10,035","10,050","9,935","0,75%"
"08.08.2017","9,965","9,965","10,045","9,845","0,50%"
"07.08.2017","9,915","9,810","9,915","9,790","0,56%"
"06.08.2017","9,860","9,860","9,860","9,860","0,00%"
"04.08.2017","9,860","9,870","9,880","9,760","0,00%"
"03.08.2017","9,860","9,970","9,970","9,800","-0,20%"
"02.08.2017","9,880","10,115","10,125","9,880","-1,45%"
"01.08.2017","10,025","10,005","10,025","9,945","0,10%"
"31.07.2017","10,015","10,135","10,135","9,935","-0,30%"
"28.07.2017","10,045","10,045","10,055","9,955","0,40%"
"27.07.2017","10,005","10,005","10,025","9,875","-0,99%"
"26.07.2017","10,105","10,125","10,135","10,075","-0,59%"
"25.07.2017","10,165","10,145","10,165","10,035","0,99%"
"24.07.2017","10,065","10,110","10,110","10,000","0,15%"
"21.07.2017","10,050","10,165","10,165","9,945","-0,84%"
"20.07.2017","10,135","10,080","10,135","10,030","0,45%"
"19.07.2017","10,090","10,190","10,220","10,035","-0,59%"
"18.07.2017","10,150","10,280","10,280","10,130","-0,68%"
"17.07.2017","10,220","10,315","10,315","10,180","-1,02%"
"16.07.2017","10,325","10,325","10,325","10,325","0,00%"
"14.07.2017","10,325","10,380","10,400","10,205","-0,91%"
"13.07.2017","10,420","10,305","10,420","10,290","1,12%"
"12.07.2017","10,305","10,495","10,540","10,300","-2,09%"
"11.07.2017","10,525","10,590","10,590","10,460","-0,05%"
"10.07.2017","10,530","10,560","10,580","10,490","-0,94%"
"07.07.2017","10,630","10,500","10,630","10,465","1,24%"
"06.07.2017","10,500","10,500","10,500","10,500","-0,14%"
"05.07.2017","10,515","10,670","10,680","10,490","-0,33%"
"04.07.2017","10,550","10,700","10,700","10,450","0,48%"
"03.07.2017","10,500","10,490","10,540","10,440","-0,28%"
"02.07.2017","10,530","10,530","10,530","10,530","0,00%"
"01.07.2017","10,530","10,530","10,530","10,530","0,00%"
"30.06.2017","10,530","10,620","10,800","10,520","-1,50%"
"29.06.2017","10,690","10,620","10,710","10,480","0,66%"
"28.06.2017","10,620","10,840","10,840","10,610","-1,39%"
"27.06.2017","10,770","10,810","10,840","10,660","0,84%"
"26.06.2017","10,680","10,700","10,700","10,600","-1,48%"
"25.06.2017","10,840","10,840","10,840","10,840","0,00%"
"23.06.2017","10,840","10,810","10,840","10,655","1,07%"
"22.06.2017","10,725","10,625","10,735","10,570","0,94%"
"21.06.2017","10,625","10,625","10,625","10,625","0,62%"
"20.06.2017","10,560","10,465","10,645","10,375","1,78%"
"19.06.2017","10,375","10,520","10,570","10,355","-1,28%"
"16.06.2017","10,510","10,740","10,740","10,470","-1,27%"
"14.06.2017","10,645","10,780","10,780","10,590","-1,25%"
"13.06.2017","10,780","10,730","10,780","10,630","0,47%"
"12.06.2017","10,730","10,750","10,770","10,690","-1,56%"
"09.06.2017","10,900","10,790","10,930","10,730","-0,27%"
"08.06.2017","10,930","10,900","10,960","10,840","0,92%"
"07.06.2017","10,830","10,750","10,960","10,740","0,28%"
"06.06.2017","10,800","10,910","10,920","10,780","-1,46%"
"05.06.2017","10,960","10,950","11,030","10,840","0,74%"
"02.06.2017","10,880","10,940","10,940","10,705","0,83%"
"01.06.2017","10,790","10,730","10,820","10,660","0,47%"
"31.05.2017","10,740","10,870","10,880","10,710","-1,83%"
"30.05.2017","10,940","10,920","10,940","10,750","1,30%"
"29.05.2017","10,800","10,960","11,090","10,780","-1,05%"
"26.05.2017","10,915","10,890","10,950","10,720","-0,14%"
"25.05.2017","10,930","10,915","11,150","10,860","-4,96%"
"24.05.2017","11,500","11,500","11,500","11,500","0,97%"
"23.05.2017","11,390","11,920","12,000","11,270","-3,31%"
"22.05.2017","11,780","11,640","12,010","11,580","2,08%"
"19.05.2017","11,540","11,990","12,020","11,370","-1,62%"
"18.05.2017","11,730","10,060","11,730","10,060","17,07%"
"17.05.2017","10,020","9,960","10,030","9,895","-0,74%"
"16.05.2017","10,095","10,080","10,095","9,890","0,45%"
"15.05.2017","10,050","10,070","10,120","10,040","-0,30%"
"12.05.2017","10,080","10,170","10,170","10,060","-0,20%"
"11.05.2017","10,100","10,190","10,190","10,090","-0,69%"
"10.05.2017","10,170","10,165","10,250","10,115","0,05%"
"09.05.2017","10,165","10,200","10,250","10,160","-0,34%"
"08.05.2017","10,200","10,230","10,270","10,170","-0,68%"
"07.05.2017","10,270","10,270","10,270","10,270","0,00%"
"05.05.2017","10,270","10,320","10,320","10,180","-0,10%"
"04.05.2017","10,280","10,290","10,340","10,240","-0,10%"
"03.05.2017","10,290","10,295","10,305","10,140","0,64%"
"02.05.2017","10,225","10,335","10,365","10,185","-0,87%"
"28.04.2017","10,315","10,460","10,460","10,280","-0,82%"
"27.04.2017","10,400","10,310","10,400","10,260","-0,38%"
"26.04.2017","10,440","10,400","10,440","10,320","0,87%"
"25.04.2017","10,350","10,200","10,410","10,200","1,97%"
"24.04.2017","10,150","10,135","10,150","10,075","-0,25%"
"22.04.2017","10,175","10,175","10,175","10,175","0,00%"
"20.04.2017","10,175","10,265","10,265","10,095","-0,39%"
"19.04.2017","10,215","10,160","10,215","10,070","1,24%"
"18.04.2017","10,090","10,120","10,130","10,030","-0,20%"
"17.04.2017","10,110","10,120","10,180","10,090","-0,79%"
"13.04.2017","10,190","10,120","10,190","10,050","1,29%"
"12.04.2017","10,060","10,100","10,100","9,990","0,20%"
"11.04.2017","10,040","9,980","10,050","9,900","0,90%"
"10.04.2017","9,950","10,000","10,030","9,940","-1,29%"
"07.04.2017","10,080","10,090","10,130","9,980","-0,49%"
"06.04.2017","10,130","10,100","10,200","10,010","0,70%"
"05.04.2017","10,060","9,930","10,070","9,870","1,31%"
"04.04.2017","9,930","10,150","10,150","9,910","-0,70%"
"03.04.2017","10,000","10,110","10,110","9,990","-1,09%"
"31.03.2017","10,110","10,110","10,130","10,040","0,45%"
"30.03.2017","10,065","10,130","10,150","10,040","-0,54%"
"29.03.2017","10,120","10,200","10,200","10,080","-1,08%"
"28.03.2017","10,230","10,120","10,230","10,070","1,29%"
"27.03.2017","10,100","10,100","10,160","10,050","-0,59%"
"26.03.2017","10,160","10,160","10,160","10,160","0,00%"
"24.03.2017","10,160","10,230","10,270","10,075","-0,83%"
"23.03.2017","10,245","10,315","10,385","10,220","-0,77%"
"22.03.2017","10,325","10,295","10,325","10,210","1,08%"
"21.03.2017","10,215","10,325","10,325","10,165","-0,58%"
"20.03.2017","10,275","10,260","10,300","10,215","0,05%"
"18.03.2017","10,270","10,270","10,270","10,270","0,00%"
"17.03.2017","10,270","10,310","10,320","10,170","0,20%"
"16.03.2017","10,250","10,290","10,320","10,190","-0,34%"
"15.03.2017","10,285","10,405","10,435","10,185","-0,96%"
"14.03.2017","10,385","10,275","10,385","10,225","1,56%"
"13.03.2017","10,225","10,200","10,245","10,175","-0,54%"
"10.03.2017","10,280","10,380","10,380","10,230","-1,72%"
"09.03.2017","10,460","10,465","10,485","10,365","0,34%"
"08.03.2017","10,425","10,495","10,515","10,265","1,26%"
"07.03.2017","10,295","10,225","10,325","10,205","0,39%"
"06.03.2017","10,255","10,320","10,320","10,180","0,15%"
"03.03.2017","10,240","10,420","10,420","10,230","-1,54%"
"02.03.2017","10,400","10,230","10,400","10,170","1,86%"
"01.03.2017","10,210","10,310","10,310","10,200","-0,39%"
"24.02.2017","10,250","10,420","10,450","10,210","0,69%"
"23.02.2017","10,180","10,220","10,260","10,140","-1,07%"
"22.02.2017","10,290","10,420","10,420","10,260","-0,29%"
"21.02.2017","10,320","10,400","10,410","10,290","-0,86%"
"20.02.2017","10,410","10,410","10,410","10,370","-0,19%"
"17.02.2017","10,430","10,560","10,560","10,380","-0,29%"
"16.02.2017","10,460","10,470","10,500","10,340","0,97%"
"15.02.2017","10,360","10,410","10,430","10,325","-0,19%"
"14.02.2017","10,380","10,430","10,540","10,330","0,19%"
"13.02.2017","10,360","10,325","10,390","10,315","0,14%"
"10.02.2017","10,345","10,400","10,420","10,320","-0,43%"
"09.02.2017","10,390","10,390","10,440","10,350","-0,19%"
"08.02.2017","10,410","10,690","10,690","10,370","-0,62%"
"07.02.2017","10,475","10,585","10,785","10,465","-0,95%"
"06.02.2017","10,575","10,660","10,660","10,520","-0,33%"
"03.02.2017","10,610","10,910","10,910","10,570","-1,12%"
"02.02.2017","10,730","10,865","10,865","10,700","-1,33%"
"01.02.2017","10,875","11,105","11,105","10,875","-0,55%"
"31.01.2017","10,935","11,035","11,035","10,835","0,55%"
"30.01.2017","10,875","10,870","10,920","10,830","0,60%"
"27.01.2017","10,810","11,110","11,110","10,780","-1,55%"
"26.01.2017","10,980","10,910","11,010","10,810","0,73%"
"25.01.2017","10,900","10,830","10,900","10,830","0,65%"
"24.01.2017","10,830","10,890","10,910","10,790","-0,28%"
"23.01.2017","10,860","10,905","10,920","10,840","-0,87%"
"20.01.2017","10,955","11,010","11,010","10,900","-0,50%"
"19.01.2017","11,010","11,060","11,060","10,940","-0,72%"
"18.01.2017","11,090","11,180","11,180","10,995","0,54%"
"17.01.2017","11,030","11,000","11,080","10,910","0,09%"
"16.01.2017","11,020","11,060","11,060","11,000","-0,45%"
"13.01.2017","11,070","11,200","11,200","10,950","-0,09%"
"12.01.2017","11,080","11,290","11,290","10,990","-1,77%"
"11.01.2017","11,280","11,420","11,440","11,200","0,53%"
"10.01.2017","11,220","11,510","11,510","11,195","-0,88%"
"09.01.2017","11,320","11,390","11,410","11,320","-0,70%"
"06.01.2017","11,400","11,620","11,640","11,340","-0,26%"
"05.01.2017","11,430","11,640","11,720","11,310","0,00%"
"04.01.2017","11,430","11,310","11,460","11,210","1,24%"
"03.01.2017","11,290","11,330","11,330","11,230","0,36%"
"02.01.2017","11,250","11,630","11,630","11,240","-1,49%"